Address,City,State,ZIP_Code,Age
1 BAYARD RD,PITTSBURGH,PA,15213,23
1 FRANCES DRIVE,MCKEES ROCKS,PA,15136,25
100 ACADEMY PLACE,SEWICKLEY,PA,15143,24
100 GRAHAM AVE,N VERSAILLES,PA,15137,49
100 GRAHAM AVENUE,N VERSAILLES,PA,15137,20
100 RUDOLPH LANE,WEXFORD,PA,15090,25
1001 MILTON ST,PITTSBURGH,PA,15218,23
1002 WALLACE AVE,WILKINSBURG,PA,15221,36
1005 WEIGEL HILL RD,ELIZABETH,PA,15037,27
1007 MACON AVE,PITTSBURGH,PA,15218,23
101 FOREST GLEN DR,PITTSBURGH,PA,15221,17
101 FOREST GLEN DR,PITTSBURGH,PA,15221,18
1011 BRADISH ST,PITTSBURGH,PA,15203,28
1011 BRADISH ST,PITTSBURGH,PA,15203,29
1011 MONROEVILLE AVE,TURTLE CREEK,PA,15145,36
1011 S BRADDOCK AVE,PITTSBURGH,PA,15218,35
101A RAMSEY AVE,CARNEGIE,PA,15106,29
102 EAST END AVE,PITTSBURGH,PA,15221,36
1023 MURRAY HILL AVE,PITTSBURGH,PA,15217,29
1025 PLEASANT AVE,PORT VUE,PA,15133,52
1025 PLEASANT AVENUE,PORT VUE,PA,15133,23
1025 ST MARTIN ST,PITTSBURGH,PA,15203,51
103 CANBY DR,PITTSBURGH,PA,15209,25
1030 CHISLETT ST,PITTSBURGH,PA,15206,53
1031 HERRON AVENUE,PITTSBURGH,PA,15219,48
1038 N NEGLEY AVE,PITTSBURGH,PA,15206,23
1038 N NEGLEY AVENUE,PITTSBURGH,PA,15206,23
1040 S NEGLEY AVE,PITTSBURGH,PA,15217,22
1040 WEST INGOMAR,PITTSBURGH,PA,15237,48
1047 MIRROR ST,PITTSBURGH,PA,15217,31
1048 STEUBEN STREET,PITTSBURGH,PA,15220,23
106 BEEDLE CIRCLE,PITTSBURGH,PA,15236,24
106 PROMENADE ST,PITTSBURGH,PA,15205,38
106 SHADOW LANE,CORAOPOLIS,PA,15108,52
107 WALLY DR,PITTSBURGH,PA,15237,30
107 WESTERN AV,PITTSBURGH,PA,15215,38
1074 OLD GATE RD,PITTSBURGH,PA,15235,54
1074 OLD GATE RD,PITTSBURGH,PA,15235,24
1074 OLD GATE ROAD,PITTSBURGH,PA,15235,53
1074 OLDGATE RD,PITTSBURGH,PA,15235,26
1082 SHADY AVENUE,PITTSBURGH,PA,15232,27
1084 SHADY AVE,PITTSBURGH,PA,15232,28
1086 FOX TERRIER DR,BETHEL PARK,PA,15102,33
109 HODIL TERR,PITTSBURGH,PA,15238,24
110 HIGH PARK PL,PITTSBURGH,PA,15206,24
110 S 11TH ST,PITTSBURGH,PA,15203,22
110 S GRAHAM STREET,PITTSBURGH,PA,15206,30
1100 LIBERTY AVE,PITTSBURGH,PA,15222,28
1103 HEBERTON STREET,PITTSBURGH,PA,15206,38
111 5 TH AVE,PITTSBURGH,PA,15222,25
111 MAPLE AVE,PITTSBURGH,PA,15218,28
111 MAPLE AVE,PITTSBURGH,PA,15218,29
111 ST CROIX,PITTSBURGH,PA,15235,65
1112 SHERMAN AVE,PITTSBURGH,PA,15212,26
1113 ROOSEVELT RD,PITTSBURGH,PA,15237,32
1117 MARY ANN ST,PITTSBURGH,PA,15203,26
112 AVENUE L,PITTSBURGH,PA,15221,27
112 HILGLOR DR,PITTSBURGH,PA,15209,26
1122 MORRISON ST,PITTSBURGH,PA,15212,29
11227 FRANKSTOWN RD,PITTSBURGH,PA,15235,31
1126 CAMPMEETING RD,SEWICKLEY,PA,15143,23
1129 S.NEGLEY AVENUE,PITTSBURGH,PA,15217,38
113 2ND STREET,ASPINWALL,PA,15215,24
113 HIRAM ST,PITTSBURGH,PA,15209,33
113 PENNWOOD AVE,PITTSBURGH,PA,15218,32
113 PENNWOOD AVE,PITTSBURGH,PA,15218,31
113 SOUTH 25TH STREET,PITTSBURGH,PA,15203,30
1131 NORTH EUCLID AVE,PITTSBURGH,PA,15206,24
1132 CORNELL RD,PITTSBURGH,PA,15205,25
1132 CORNELL ROAD,PITTSBURGH,PA,15205,21
11321 AZALEA DRIVE,PITTSBURGH,PA,15235,19
1134 ILLINOIS AVENUE,PITTSBURGH,PA,15216,26
1135 N ST CLAIR,PITTSBURGH,PA,15206,26
1136 SOUTH AVE,PITTSBURGH,PA,15221,46
1137 N HIGHLAND AVENUE,PITTSBURGH,PA,15206,30
1137 WALNUT ST,PITTSBURGH,PA,15221,23
1138 PEACHTREE RD,CARNEGIE,PA,15106,30
114 AUGUST DR,CORAOPOLIS,PA,15108,25
1141 N. HIGHLAND AVE,PITTSBURGH,PA,15206,24
115 TORY RD,MOON TOWNSHIP,PA,15108,24
1158 S NEGLEY AVE,PITTSBURGH,PA,15217,22
1161 WOODHILL DRIVE,GIBSONIA,PA,15044,36
1169 HARVARD RD,MONROEVILLE,PA,15146,20
120 W 9TH STREET,PITTSBURGH,PA,15215,23
1202 MONTEREY ST,PITTSBURGH,PA,15212,42
1203 BUENA VISTA ST,PITTSBURGH,PA,15212,38
1203 HILL AVENUE,WILKINSBURG,PA,15221,29
1209 PALO ALTO ST,PITTSBURGH,PA,15212,47
121 RICHEY AVE,PITTSBURGH,PA,15214,26
121 RICHEY AVENUE,PITTSBURGH,PA,15214,24
121 WALNUT RIDGE ROAD,PITTSBURGH,PA,15238,23
121 WALNUT RIDGE ROAD,PITTSBURGH,PA,15238,23
1210 MONTEREY STREET,PITTSBURGH,PA,15212,52
1211 PALO ALTO STREET,PITTSBURGH,PA,15212,40
1214 STANHOPE STREET,PITTSBURGH,PA,15204,22
1214 W NORTH AVE,PITTSBURGH,PA,15233,54
1215 AMANDA ST,PITTSBURGH,PA,15210,39
1220 S BRADDOCK AVE,PITTSBURGH,PA,15218,24
1224 BUENA VISA STREET,PITTSBURGH,PA,15212,33
1224 BUENA VISTA STREET,PITTSBURGH,PA,15212,34
1227 RESACA PLACE,PITTSBURGH,PA,15212,57
1228 PALO ALTO STREET,PITTSBURGH,PA,15212,51
1230 EAST END AVE,PITTSBURGH,PA,15218,41
1234 VICTORIA AVE,NEW KENSINGTON,PA,15068,18
1236 WINTERTON ST,PITTSBURGH,PA,15206,20
1237 BUENA VISTA ST,PITTSBURGH,PA,15212,46
1238 FIRWOOD DR,PITTSBURGH,PA,15243,20
1238 LAKEMONT DR,PITTSBURGH,PA,15243,20
1238 RESACA PL,PITTSBURGH,PA,15212,45
123FAIRFAX ROAD,PITTSBURGH,PA,15221,29
1240 RESACA PL,PITTSBURGH,PA,15212,26
1243 MORROW RD,PITTSBURGH,PA,15241,44
1243 MORROW RD,PITTSBURGH,PA,15241,42
1246 HIGH ST,PITTSBURGH,PA,15212,29
125 1/2 GILDA AVE,PITTSBURGH,PA,15217,23
125 LOCUST ST,PITTSBURGH,PA,15210,25
1255 SHADY AVENUE,PITTSBURGH,PA,15232,28
126 ATLANTA PLACE,PITTSBURGH,PA,15228,44
1267 PROSPECT RD,PITTSBURGH,PA,15227,26
127 S AIKEN AVE,PITTSBURGH,PA,15206,24
127 SKYPORT DR,WEST MIFFLIN,PA,15122,31
127 W SYCAMORE ST,PITTSBURGH,PA,15211,20
129 MARSHALL DR,PITTSBURGH,PA,15235,33
129 MARSHALL DR,PITTSBURGH,PA,15235,33
129 S. GRAHAM STREET,PITTSBURGH,PA,15206,35
129 TETON DR,PITTSBURGH,PA,15239,24
130 GLENFIELD DR,PITTSBURGH,PA,15235,21
130 GLENFIELD DRIVE,PITTSBURGH,PA,15235,23
1302 BUENA VISTA STREET,PITTSBURGH,PA,15212,27
131 W SYCAMORE ST,PITTSBURGH,PA,15211,24
1311 S BRADOCK AVE,PITTSBURGH,PA,15218,25
1313 APDALE ST,PITTSBURGH,PA,15207,21
1314 WILSON ST,MCKEESPORT,PA,15132,25
1319 VARNER RD,PITTSBURGH,PA,15227,28
132 AUTUMN DRIVE,TRAFFORD,PA,15085,27
132 S LINDEN AVE,PITTSBURGH,PA,15208,24
1322 GOETTMAN STREET,PITTSBURGH,PA,15212,45
1323 DIANA ST,PITTSBURGH,PA,15212,44
1323 N LANG AVE,PITTSBURGH,PA,15208,43
1326 ARCH ST,PITTSBURGH,PA,15212,31
133 SOUTH LINDEN AVE,PITTSBURGH,PA,15208,34
1345 WALNUT ST,PITTSBURGH,PA,15237,22
1347 SHADY AVE,PITTSBURGH,PA,15217,43
1359 ILLINOIS AVE,PITTSBURGH,PA,15216,35
1359 ILLINOIS AVE,PITTSBURGH,PA,15216,32
1359 ILLINOIS AVE,PITTSBURGH,PA,15216,32
1359 ILLINOIS AVE,PITTSBURGH,PA,15216,35
1360 SIMONA DRIVE,PITTSBURGH,PA,15201,33
1360 SIMONA DRIVE,PITTSBURGH,PA,15201,34
1395 TERRACE DR,PITTSBURGH,PA,15228,20
1400 ORANGE WOOD AVE,PITTSBURGH,PA,15216,28
1401 N. ST.CLAIR,PITTSBURGH,PA,15206,29
1403 SHERMAN AVE,PITTSBURGH,PA,15212,34
1403 SHERMAN AVE,PITTSBURGH,PA,15212,35
1405 OVERDALE DRIVE,WEST HOMESTEAD,PA,15120,23
1405 SHERMAN AVE,PITTSBURGH,PA,15212,34
1406 CORAOPOLIS HTS RD,CORAOPOLIS,PA,15108,40
1408 E CARSON ST,PITTSBURGH,PA,15203,51
141 N DITHRIDGE ST,PITTSBURGH,PA,15213,24
1411 FALLOWFIELD AVE,PITTSBURGH,PA,15216,25
1411 FALLOWFIELD AVE,PITTSBURGH,PA,15216,26
1416 POTOMAC AVENUE,PITTSBURGH,PA,15216,38
1419 CARNEGIE,MCKEESPORT,PA,15132,23
142 REED DR,PITTSBURGH,PA,15205,40
1424 NAVAHOE DR,PITTSBURGH,PA,15228,32
1425 FRANKLIN AVE,PITTSBURGH,PA,15221,30
1431 CRESSON ST,PITTSBURGH,PA,15221,26
14370 RT 993 #60,TRAFFORD,PA,15085,27
144 NORTH DITHRIDGE ST,PITTSBURGH,PA,15213,28
1448 ALABAMA AVE,PITTSBURGH,PA,15216,19
146 N.BELLEFIELD ST,PITTSBURGH,PA,15213,27
1461 KELTON AVE,PITTSBURGH,PA,15216,49
1475 9TH STREET EXT,FREEDOM,PA,15042,32
148 46TH ST,PITTSBURGH,PA,15201,24
1480 WILSON ST,GLENSHAW,PA,15116,21
1486 OAK AVENUE,GLENSHAW,PA,15116,25
1505 SHADY AVE,PITTSBURGH,PA,15217,22
1505 WALNUT ST,PITTSBURGH,PA,15218,33
1505 WALNUT ST,PITTSBURGH,PA,15218,35
1513 PINEHURST LANE,OAKMONT,PA,15139,23
1513 PINEHURST LANE,OAKMONT,PA,15139,24
1519 MONTEREY ST,PITTSBURGH,PA,15212,43
1522 GARFIELD AVE,PITTSBURGH,PA,15212,33
1522 GARFIELD AVE,PITTSBURGH,PA,15212,34
1522 GARFIELD AVENUE,PITTSBURGH,PA,15212,33
1522 GARFIELD AVENUE,PITTSBURGH,PA,15212,33
1523 MONTEREY ST,PITTSBURGH,PA,15212,54
1523 MONTEREY STREET,PITTSBURGH,PA,15212,41
1524 ASBURY PL,PITTSBURGH,PA,15217,26
1524 ASBURY PLACE,PITTSBURGH,PA,15217,28
1524 ASBURY PLACE,PITTSBURGH,PA,15217,29
1525 BEECHVIEW AVE,PITTSBURGH,PA,15216,26
1525 BEECHVIEW AVE,PITTSBURGH,PA,15216,26
1528 SANDHURST DR,PITTSBURGH,PA,15237,28
153 1/2 S.FAIRMONT ST,PITTSBURGH,PA,15206,32
155 MERRIMAC ST,PITTSBURGH,PA,15211,24
155 MERRIMAC ST,PITTSBURGH,PA,15211,24
156 MARSHALL AVENUE,PITTSBURGH,PA,15214,33
1560 ELECTRIC AVE,EPITTSBURGH,PA,15112,24
1585 GREENCREST DR,PITTSBURGH,PA,15226,30
159 HILANDS PLACE,PITTSBURGH,PA,15237,31
159 ULYSSES ST,PITTSBURGH,PA,15211,41
16 ELEANOR ST,PITTSBURGH,PA,15203,29
160 FAIRFAX ROAD,PITTSBURGH,PA,15221,33
160 RACE ST 1ST FL,PITTSBURGH,PA,15218,31
160 W HUTCHINSON AVE,PITTSBURGH,PA,15218,28
1600 DENNISTON AVENUE,PITTSBURGH,PA,15217,26
1606 BINGHAM STREET,PITTSBURGH,PA,15203,27
161 E SYCAMORE ST,PITTSBURGH,PA,15211,46
1613 BUENA VISTA,PITTSBURGH,PA,15212,29
1613 BUENA VISTA,PITTSBURGH,PA,15212,35
1613 BUENA VISTA STREET,PITTSBURGH,PA,15212,26
1618 RUTLEDGE ST,PITTSBURGH,PA,15211,21
162 WATKINS AVENUE,PITTSBURGH,PA,15202,33
1620 PARKLINE DRIVE,PITTSBURGH,PA,15227,23
1625 NEVADA ST,PITTSBURGH,PA,15218,30
163 MERRIMAC ST,PITTSBURGH,PA,15211,23
163 MERRIMAC STREET,PITTSBURGH,PA,15211,24
1639 GEORGETOWN PL,PITTSBURGH,PA,15235,17
1641 BEECHWOOD BLVD,PITTSBURGH,PA,15217,23
1647 GEORGETOWN PL,PITTSBURGH,PA,15235,18
1647 MORNINGSIDE AVE,PITTSBURGH,PA,15206,26
1647 MORNINGSIDE AVE,PITTSBURGH,PA,15206,27
1674 DUFFIELD ST,PITTSBURGH,PA,15206,27
1674 DUFFIELD STREET,PITTSBURGH,PA,15206,30
1683 MONTPELIER AVENUE,PITTSBURGH,PA,15216,38
1701 TRINITY ST,PITTSBURGH,PA,15206,24
1704 RIDGE AVE,CORAOPOLIS,PA,15108,45
1704 RIDGE AVE,CORAOPOLIS,PA,15108,57
1705 CLINTON ST,PITTSBURGH,PA,15203,32
1705 CLINTON ST,PITTSBURGH,PA,15203,30
1705 E CARSON ST,PITTSBURGH,PA,15203,28
1707 TONETTE ST,PITTSBURGH,PA,15218,33
1712 FOX CHAPEL RD,PITTSBURGH,PA,15238,26
1715 CENTER AVE,PITTSBURGH,PA,15229,36
1717 CHISLETT ST,PITTSBURGH,PA,15206,28
1718 PAUL CT,PITTSBURGH,PA,15221,27
1720 WILLIAMSBURG PL,PITTSBURGH,PA,15235,19
1724 LEOLYN ST,PITTSBURGH,PA,15210,44
1729 ARNOLD ST,PITTSBURGH,PA,15205,28
1729 TRINITY STREET,PITTSBURGH,PA,15206,27
173 36TH ST,PITTSBURGH,PA,15201,24
173 36TH ST,PITTSBURGH,PA,15201,24
1732 BROWNSVILLE RD,PITTSBURGH,PA,15210,36
1735 ELLSWORTH AVE,CARNEGIE,PA,15106,23
1735 JAMESTOWN PLACE,PITTSBURGH,PA,15235,19
174 38TH STREET,PITTSBURGH,PA,15201,34
174 STANTON COURT EAST,PITTSBURGH,PA,15201,23
1741 ARLINGTON AVE,PITTSBURGH,PA,15210,23
1744 WOLFE AVE,NORTH BRADDOCK,PA,15104,49
1749 PERRYSVILLE AVE,PITTSBURGH,PA,15212,24
177 N VIREO DR,MCKEES ROCKS,PA,15136,26
179 CUMER RD,MCDONALD,PA,15057,23
18 CHERRYFIELD ST,PITTSBURGH,PA,15214,30
1802 ROBSON DRIVE,PITTSBURGH,PA,15241,24
1807 N VILLA DRIVE,GIBSONIA,PA,15044,18
181 ORCHARD SPRING RD,PITTSBURGH,PA,15220,37
1811 WOODLANDS CIRCLE,PITTSBURGH,PA,15241,28
1814 SHADY AVE,PITTSBURGH,PA,15217,32
1826 BROWNSVILLE RD,PITTSBURGH,PA,15210,22
183 FLORENCE ROAD,NEW BRIGHTON,PA,15066,34
1835 VOLLMER DRIVE,GLENSHAW,PA,15116,32
185 ELATAN DR,PITTSBURGH,PA,15243,24
189 LOCARNA WAY,PITTSBURGH,PA,15201,21
1890 ADDISON AVE,WEST MIFFLIN,PA,15122,25
190 WOODHAVEN DRIVE,PITTSBURGH,PA,15228,55
190 WOODHAVEN DRIVE,PITTSBURGH,PA,15228,54
1910 S 18TH STREET,PITTSBURGH,PA,15203,24
1915 PENN AVE,PITTSBURGH,PA,15221,53
1915 PENN AVE,WILKINSBURG,PA,15221,67
1920 S 18TH ST,PITTSBURGH,PA,15203,28
1920 S 18TH ST,PITTSBURGH,PA,15203,28
1923 JANE ST,PITTSBURGH,PA,15203,22
1971 STREETS RUN ROAD,PITTSBURGH,PA,15236,29
200 MARION AVE,PITTSBURGH,PA,15221,28
200 S FAIRMONT STREET,PITTSBURGH,PA,15206,25
2000 WENDOVER STREET,PITTSBURGH,PA,15217,26
2000 WENDOVER STREET,PITTSBURGH,PA,15217,26
2005 LARKINS WAY,PITTSBURGH,PA,15203,31
2005 LARKINS WAY,PITTSBURGH,PA,15203,29
201 EMERSON AVE,PITTSBURGH,PA,15215,25
201 LABELLE ST,PITTSBURGH,PA,15211,24
2013 1/2 GREGORY ST,PITTSBURGH,PA,15203,25
2013 1/2 GREGORY ST,PITTSBURGH,PA,15203,29
2018 MCNARY BLVD,PITTSBURGH,PA,15221,50
202 C REBECCA AVENUE,PITTSBURGH,PA,15221,45
202 C REBECCA AVENUE,PITTSBURGH,PA,15221,46
202 UNION ST,PITTSBURGH,PA,15221,32
2021 W KENDON DR,PITTSBURGH,PA,15221,40
203 UNION STREET,PITTSBURGH,PA,15221,49
2031 CHALFANT STREET,PITTSBURGH,PA,15221,18
205 ETON RD,PITTSBURGH,PA,15205,29
2053 HOMESTEAD DUQ RD,WEST MIFFLIN,PA,15122,25
2057 BEECHWOOD BLVD,PITTSBURGH,PA,15217,28
207 PERRY HGWY,PITTSBURGH,PA,15229,42
208 S WINEBIDDLE STREET,PITTSBURGH,PA,15224,45
209 GLADSTONE RD,PITTSBURGH,PA,15217,40
209 GLADSTONE RD,PITTSBURGH,PA,15217,40
209 WOODLAND AVE,GLENSHAW,PA,15116,26
21 ELEANOR ST,PITTSBURGH,PA,15203,27
210 FRANKLIN AVE,PITTSBURGH,PA,15221,34
210 MAIN ST,PITTSBURGH,PA,15201,23
2103 WHARTON ST,PITTSBURGH,PA,15203,28
2104 ROCKLEDGE STREET,PITTSBURGH,PA,15212,26
2107 TURKEYFOOT ROAD,MCKEESPORT,PA,15135,24
2109 AIKEN RD,MCKEES ROCKS,PA,15136,25
211 S MILLVALE AVE,PITTSBURGH,PA,15224,28
2119 SIDNEY ST,PITTSBURGH,PA,15203,27
212 S WINEDIDDLE ST,PITTSBURGH,PA,15224,34
2121 LAPPE LANE,PITTSBURGH,PA,15212,36
2123 SHADY AVENUE,PITTSBURGH,PA,15217,28
2123 SHADY AVENUE,PITTSBURGH,PA,15217,29
2130 WIGHTMAN STREET,PITTSBURGH,PA,15217,28
214 HULTON ROAD,VERONA,PA,15147,28
214 MAIN ST,PITTSBURGH,PA,15201,29
214 MAIN ST,PITTSBURGH,PA,15201,30
214 NORTH CRAIG STREET,PITTSBURGH,PA,15213,24
2145 WIGHTMAN ST,PITTSBURGH,PA,15217,29
215 E END AVE,PITTSBURGH,PA,15221,25
217 TALLY DRIVE,PITTSBURGH,PA,15237,31
2181 VILLAGE DRIVE,PITTSBURGH,PA,15221,28
21-G MURRAY COURT,PITTSBURGH,PA,15239,30
220 LYONS WAY,PITTSBURGH,PA,15209,23
2202 CHARDONNAY CIR,GIBSONIA,PA,15044,24
221 ULYSSES ST,PITTSBURGH,PA,15211,25
2212 SHADY AVE,PITTSBURGH,PA,15217,44
2212 SHADY AVE,PITTSBURGH,PA,15217,44
2213 JANE STREET,PITTSBURGH,PA,15203,32
2215 JANE STREET,PITTSBURGH,PA,15203,24
2215 JANE STREET,PITTSBURGH,PA,15203,27
2215 SARAH STREET,PITTSBURGH,PA,15203,26
222 MELWOOD AVE,PITTSBURGH,PA,15213,23
222 MELWOOD AVE,PITTSBURGH,PA,15213,23
222 MELWOOD AVE,PITTSBURGH,PA,15213,23
222 MELWOOD AVE,PITTSBURGH,PA,15213,23
222 N CRAIG ST,PITTSBURGH,PA,15213,25
2221 HEMLOCK DR,MCKEESPORT,PA,15131,47
2221 HEMLOCK DR,MCKEESPORT,PA,15131,21
223 CRESTMONT RD,PITTSBURGH,PA,15237,34
223 MARYELLEN DR,NORTH VERSAILLES,PA,15137,26
2237 BROADWAY AVE,PITTSBURGH,PA,15216,24
2237 BROADWAY AVE,PITTSBURGH,PA,15216,21
224 S HIGHLAND AVE,PITTSBURGH,PA,15206,30
225 MELWOOD AVE,PITTSBURGH,PA,15213,29
2255 TILBURY AVENUE,PITTSBURGH,PA,15217,29
227 CHESTNUT RIDGE DR,PITTSBURGH,PA,15205,30
227 CLUBSIDE DRIVE,CORAOPOLIS,PA,15108,50
229 KEARSARGE STREET,PITTSBURGH,PA,15211,26
229 S FAIRMOUNT AVENUE,PITTSBURGH,PA,15206,26
231 THE BLVD,PITTSBURGH,PA,15210,23
232 46TH STREET,PITTSBURGH,PA,15201,24
232 CHARLES ST,PITTSBURGH,PA,15210,42
232 HOLLYWOOD ST,PITTSBURGH,PA,15205,28
232 S ATLANTIC AVE,PITTSBURGH,PA,15224,26
232 S ATLANTIC AVE,PITTSBURGH,PA,15224,27
2321 2ND ST,GLASSPORT,PA,15045,24
2321 WRIGHTS WAY,PITTSBURGH,PA,15203,26
2322 HAWTHORNE AVE,SWISSVALE,PA,15218,42
2324 BIRTLEY AVE,PITTSBURGH,PA,15226,22
2328 E CARSON ST,PITTSBURGH,PA,15203,24
2334 HOMESTEAD-DUQ RD,WEST MIFFLIN,PA,15122,24
234 MELVILLE LANE,SEWICKLEY,PA,15143,63
2340 E CARSON ST,PITTSBURGH,PA,15203,23
2355 TILBURY AV,PITTSBURGH,PA,15217,39
2413 SADDLE DR,ALLISON PARK,PA,15101,28
2421 JANE ST,PITTSBURGH,PA,15203,32
243 ONEIDA STREET,PITTSBURGH,PA,15211,33
243 ONEIDA STREET,PITTSBURGH,PA,15211,34
2430 BRANDT SCHOOL RD,WEXFORD,PA,15090,25
245 LEHIGH AVENUE,PITTSBURGH,PA,15232,30
247 BAYWOOD AVENUE,PITTSBURGH,PA,15228,51
2483 SADDLE DRIVE,ALLISON PARK,PA,15101,18
25 KOSCIUSKO WAY,PITTSBURGH,PA,15203,33
250 HAZELWOOD AVE,PITTSBURGH,PA,15207,52
2502 BRICHWOOD CT,WEXFORD,PA,15090,25
2509 S 18TH ST,PITTSBURGH,PA,15210,32
2516 PEGHER LANE,SEWICKLEY,PA,15143,24
2529 BEECHWOOD BLVD,PITTSBURGH,PA,15217,32
2529 BRANDT SCHOOL RD,WEXFORD,PA,15090,43
255 ATWOOD ST,PITTSBURGH,PA,15213,28
258 SHADY AVENUE,PITTSBURGH,PA,15206,33
26 KOSCIUSKO WAY,PITTSBURGH,PA,15203,35
2605 BEECHWOOD BLVD,PITTSBURGH,PA,15217,19
2613 TILBURY AVE,PITTSBURGH,PA,15217,30
2617 SHADY AVE,PITTSBURGH,PA,15217,31
2619 STAYTON STREET,PITTSBURGH,PA,15212,50
2620 CLARE ST,GLENSHAW,PA,15116,22
2622 NORWOOD ST,PITTSBURGH,PA,15214,30
2623 DALGATE PLACE,PITTSBURGH,PA,15218,41
264 44TH STREET,PITTSBURGH,PA,15201,30
265 SHADY AVE,PITTSBURGH,PA,15206,32
2651 POINTVIEW DR,ALLISON PARK,PA,15101,28
266 38 TH STREET,PITTSBURGH,PA,15201,35
2702 APT 211 DUQUESNE PLACE D,DUQUESNE,PA,15110,22
2704 JANE STREET,PITTSBURGH,PA,15203,30
2706 ESPY AVENUE,PITTSBURGH,PA,15216,26
2715 MURRAY AVE,PITTSBURGH,PA,15217,25
272 PRINCETON AVE,PITTSBURGH,PA,15229,27
273 PAUL ST,PITTSBURGH,PA,15211,27
275 N.DITHRIDGE ST,PITTSBURGH,PA,15213,24
2785 HUNTERS CIRCLE,ALLISON PARK,PA,15101,23
28 UNGER LANE,PITTSBURGH,PA,15217,36
2809 EDWARDS WAY,PITTSBURGH,PA,15203,29
2811 FREELAND STREET,MCKEESPORT,PA,15132,32
2817 SHADY AVENUE,PITTSBURGH,PA,15217,42
2828 SPRING ST,PITTSBURGH,PA,15210,31
2851 ESPY AVE,PITTSBURGH,PA,15216,76
2919 GRANDVIEW DR,ALLISON PARK,PA,15101,31
2919 GRANDVIEW DR,ALLISON PARK,PA,15101,32
2919 GRANDVIEW DRIVE,ALLISON PARK,PA,15101,33
2952 FERNWALD RD,PITTSBURGH,PA,15217,21
299 SUNSET PL,PITTSBURGH,PA,15237,26
3 OAKLEY AVENUE,PITTSBURGH,PA,15229,29
300 HAWTHORNE AVENUE,CARNEGIE,PA,15106,33
300 HAWTHORNE AVENUE,CARNEGIE,PA,15106,34
300 MELWOOD AVENUE,PITTSBURGH,PA,15213,22
301 COLLEGE PARK DR,MONROEVILLE,PA,15146,31
3014 VERNON AVE,PITTSBURGH,PA,15227,34
3014 VERNON AVENUE,PITTSBURGH,PA,15227,41
302 BARNES STREET,PITTSBURGH,PA,15221,34
303 BARNES ST,PITTSBURGH,PA,15221,36
3033 WIGGINS STREET,PITTSBURGH,PA,15219,31
3042 GLEN MAWR AVE,PITTSBURGH,PA,15204,28
305 AVENUE A,PITTSBURGH,PA,15221,40
3056 WINDERMERE AVE,PITTSBURGH,PA,15216,25
310 CHAUCER COURT,SEWICKLEY,PA,15143,25
310 CHAUCER CT N,SEWICKLEY,PA,15143,21
3112 1/2 JANE STREET,PITTSBURGH,PA,15203,25
3120 PINEHURST AVE,PITTSBURGH,PA,15216,23
314 LE ROI ROAD,PITTSBURGH,PA,15208,21
314 PARKRIDGE LANE,CORAOPOLIS,PA,15108,40
316 E 11TH AVE,HOMESTEAD,PA,15120,26
317 S PACIFIC AVE,PITTSBURGH,PA,15224,22
318 LEHIGH AVENUE,PITTSBURGH,PA,15232,24
319 MOREWOOD AVE,PITTSBURGH,PA,15213,30
3216 ANNAPOLIS AVE,PITTSBURGH,PA,15216,24
3219 JOSEPHINE ST,PITTSBURGH,PA,15203,26
323 SLEEPY HOLLOW RD,PITTSBURGH,PA,15228,31
323 SMITH WAY,PITTSBURGH,PA,15211,27
325 SOUTH HIGHLAND AVE,PITTSBURGH,PA,15206,37
3265 RALEIGH AVE,PITTSBURGH,PA,15210,25
3266 WARD ST 1,PITTSBURGH,PA,15213,28
327 LIVINGSTON RD,WEST MIFFLIN,PA,15122,24
328 S AIKENAVE,PITTSBURGH,PA,15232,33
328 S FAIRMONT ST,PITTSBURGH,PA,15232,29
329 SOUTH LANG AVE,PITTSBURGH,PA,15208,29
3303 CANOPOLIS ST,PITTSBURGH,PA,15204,30
331 LIME OAK DR,PITTSBURGH,PA,15235,36
3313 WARD STREET,PITTSBURGH,PA,15213,26
333 S PACIFIC,PITTSBURGH,PA,15224,47
3336 WARD STREET,PITTSBURGH,PA,15213,22
334 MT NEBO RD,PITTSBURGH,PA,15237,26
335 EISENHOWER DR,NATRONA HTS,PA,15065,25
335 KEARSARGE STREET,PITTSBURGH,PA,15211,31
335 S EVALINE STREET,PITTSBURGH,PA,15224,33
336 LEHIGH AVE,PITTSBURGH,PA,15232,22
338 CUSTER LANE,TARENTUM,PA,15084,24
3380 EVERGREEN ROAD,PITTSBURGH,PA,15237,27
341 SOUTH GRAHAM ST,PITTSBURGH,PA,15232,36
3415 GROVER ST,MCKEESPORT,PA,15132,41
342 CARLTON ROAD,BETHEL PARK,PA,15102,22
343 STRATFORD AVENUE,PITTSBURGH,PA,15232,25
343 STRATFORD AVENUE,PITTSBURGH,PA,15232,29
3449 FOREST RD,BETHEL PARK,PA,15102,24
345 MOORE AVE,PITTSBURGH,PA,15210,21
346 PENN STREET,VERONA,PA,15147,27
347 HASTINGS ST,PITTSBURGH,PA,15206,25
347 HASTINGS ST,PITTSBURGH,PA,15206,25
35 ENFIELD ST,PITTSBURGH,PA,15213,26
350 S GRAHAM ST,PITTSBURGH,PA,15232,25
350 S.GRAHAM STREET,PITTSBURGH,PA,15232,25
352 FIELDING DRIVE,PITTSBURGH,PA,15235,23
3527 BEECHWOOD BLVD,PITTSBURGH,PA,15217,28
354 S ATLANTIC AVE,PITTSBURGH,PA,15224,43
354 S ATLANTIC AVE,PITTSBURGH,PA,15224,44
355 S NEGLEY AVE,PITTSBURGH,PA,15232,25
355 S PACIFIC AVE,PITTSBURGH,PA,15224,20
356 SOUTH GRAHAM STREET,PITTSBURGH,PA,15232,33
3583 BEECHWOOD BLVD,PITTSBURGH,PA,15217,31
359 S ATLANTIC AVE,PITTSBURGH,PA,15224,50
3601 TRAUTMAN ST,MUNHALL,PA,15120,19
3602 BATES STREET,PITTSBURGH,PA,15213,23
3609 BEECHWOOD BLVD,PITTSBURGH,PA,15217,25
3609 BEECHWOOD BLVD,PITTSBURGH,PA,15217,24
3609 PENN AVE,PITTSBURGH,PA,15201,28
3611 BEECHWOOD BLVD,PITTSBURGH,PA,15217,22
3612 PARKVIEW AVE,PITTSBURGH,PA,15213,22
3616 NORTH RIDGE DR,ALLISON PARK,PA,15101,56
363 S. HIGHLAND AVE,PITTSBURGH,PA,15206,37
364 ORCHARD DR,PITTSBURGH,PA,15228,32
364 S EVALINE ST,PITTSBURGH,PA,15224,28
369 SEMPLE ST,PITTSBURGH,PA,15213,24
370 42ND ST,PITTSBURGH,PA,15201,28
3709 DAWSON ST,PITTSBURGH,PA,15213,25
3709 DAWSON ST,PITTSBURGH,PA,15213,25
3711 BANDREA STREET,PITTSBURGH,PA,15201,27
3711 BANDREA STREET,PITTSBURGH,PA,15201,27
372 MAIN ST,PITTSBURGH,PA,15201,24
372 MAIN STREET,PITTSBURGH,PA,15201,24
372 SOUTH HIGHLAND AVE,PITTSBURGH,PA,15206,35
3726 BAYTREE ST,PITTSBURGH,PA,15214,26
3726 BAYTREE ST,PITTSBURGH,PA,15214,27
375 1/2 MAIN STREET,PITTSBURGH,PA,15201,26
379 OHIO AVE,CLAIRTON,PA,15025,28
3807 LOUISA DR,PITTSBURGH,PA,15227,41
3811 BATES STREET,PITTSBURGH,PA,15213,32
3818 BURNABY DRIVE,PITTSBURGH,PA,15235,24
3821 DAWSON ST,PITTSBURGH,PA,15213,29
3826 EAST STREET,PITTSBURGH,PA,15214,25
38-D BOONE DRIVE,TURTLE CREEK,PA,15145,22
3917 NANTASKET ST,PITTSBURGH,PA,15207,36
392 MOON CLINTON RD,CORAOPOLIS,PA,15108,28
3922 PENN AVENUE,PITTSBURGH,PA,15224,27
3948 KAHN AVE,ALLISON PARK,PA,15101,28
3948 WINSHIRE STREET,PITTSBURGH,PA,15212,41
3955 BIGELOW BLVD,PITTSBURGH,PA,15213,28
39A SKYVIEW DRIVE,OAKDALE,PA,15071,22
4 OLYMPIA PLACE,PITTSBURGH,PA,15217,46
40 PERRYVIEW AVE,PITTSBURGH,PA,15214,30
40 SIMONS ROAD,CHESWICK,PA,15024,24
400 N NEGLEY AVE,PITTSBURGH,PA,15213,25
400 S LANG ST,PITTSBURGH,PA,15208,22
400 WHITNEY AVE,PITTSBURGH,PA,15221,30
401 AMBERSEN AVE,PITTSBURGH,PA,15232,33
401 AMBERSON AVE,PITTSBURGH,PA,15232,26
401 AMBERSON AVENUE,PITTSBURGH,PA,15232,34
402 N BEATTY ST,PITTSBURGH,PA,15206,58
4025 WINDSOR STREET,PITTSBURGH,PA,15217,29
4038 WINDSOR ST,PITTSBURGH,PA,15217,26
404 CENTER STREET,PITTSBURGH,PA,15221,32
406 CATO ST,PITTSBURGH,PA,15213,37
407 BESSEMER AVE,E PITTSBURGH,PA,15112,27
407 BESSEMER AVE,EPITTSBURGH,PA,15112,27
408 DORSEYVILLE RD,PITTSBURGH,PA,15215,24
408 SAMPSONIA WAY,PITTSBURGH,PA,15212,30
409 MAPLEVALE DR,PITTSBURGH,PA,15236,23
409 MAPLEVALE DR,PITTSBURGH,PA,15236,23
410 2ND AVE,CARNEGIE,PA,15106,41
410 2ND AVE,CARNEGIE,PA,15106,52
410 GLENCOE DR,WEST MIFFLIN,PA,15122,42
411 WHITNEY AVE,PITTSBURGH,PA,15221,23
4118 MURRAY AVE,PITTSBURGH,PA,15217,33
412 ENRIGHT COURT,PITTSBURGH,PA,15206,63
412 S WINEBIDDLE ST,PITTSBURGH,PA,15224,31
412 STAG HORN DR,WEXFORD,PA,15090,33
412 W NORTH AVE,PITTSBURGH,PA,15212,28
412 WEST NORTH AVE,PITTSBURGH,PA,15212,29
413 EASTERN AVE,PITTSBURGH,PA,15215,30
413 MEADE DR,MOON TOWNSHIP,PA,15108,21
414 JACKSONIA ST,PITTSBURGH,PA,15212,25
414 SOUTH CRAIG STREET,PITTSBURGH,PA,15213,27
415 BARNES STREET,PITTSBURGH,PA,15221,28
415 BARNS ST,PITTSBURGH,PA,15221,26
415 ELLA STREET,PITTSBURGH,PA,15224,24
415 WEST STREET,PITTSBURGH,PA,15221,25
415 WEST STREET,PITTSBURGH,PA,15221,26
416 COLUMBIA AVE,PITTSBURGH,PA,15229,36
417 REBECCA AVE,WILKINSBURG,PA,15221,32
419 CALDWELL ST,CLAIRTON,PA,15025,23
4212 WEMBLETON DRIVE,ALLISON PARK,PA,15101,35
422 E END AVE,PITTSBURGH,PA,15221,23
422 LINDSAY RD,CARNEGIE,PA,15106,22
422 LINDSAY ROAD,CARNEGIE,PA,15106,28
4221 WINTERBURN AVE,PITTSBURGH,PA,15207,37
424 BELONDA STREET,PITTSBURGH,PA,15211,24
424 LAMAR AVE,PITTSBURGH,PA,15221,30
429 IDLEWOOD RD,PITTSBURGH,PA,15235,30
429 SOUTH TRENTON AVE,PITTSBURGH,PA,15221,37
429 SOUTH TRENTON AVE,PITTSBURGH,PA,15221,37
430 COUNTRY VIEW COURT,PITTSBURGH,PA,15205,43
430 ELLA STREET,PITTSBURGH,PA,15221,34
4311 GLEN LYTLE RD,PITTSBURGH,PA,15217,37
432 REBECCA AVE,PITTSBURGH,PA,15221,26
432 REBECCA AVE,PITTSBURGH,PA,15221,26
436 BIGHAM,PITTSBURGH,PA,15211,57
439 S AIKEN AVE,PITTSBURGH,PA,15232,27
439 SOUTH AIKEN AVE,PITTSBURGH,PA,15232,34
440 LONGRIDGE DR,PITTSBURGH,PA,15243,20
440 PARK QUARRY RD,FREEDOM,PA,15042,26
442 S TRENTON AVE,PITTSBURGH,PA,15221,27
4439 HELMAR DR,MONROEVILLE,PA,15146,21
4439 HELMAR DR,MONROEVILLE,PA,15146,27
447 ROSEDALE AVENUE,PITTSBURGH,PA,15221,21
4472 GREENGROVE DR,ALLISON PARK,PA,15101,33
4472 GREENGROVE DRIVE,ALLISON PARK,PA,15101,33
448 FRANKLIN AVE,PITTSBURGH,PA,15221,36
45 HARWOOD STREET,PITTSBURGH,PA,15211,27
450 CHESTNUT STREET,CARNEGIE,PA,15106,22
4500 BUTLER ST,PITTSBURGH,PA,15201,40
4507 ELIZA ST,WEST MIFFLIN,PA,15122,25
451 MAPLE AVENUE,PITTSBURGH,PA,15218,22
4518 BIRCHWOOD LN,ALLISON PARK,PA,15101,37
459 S AIKEN AVE,PITTSBURGH,PA,15232,34
4601 BAYARD STREET,PITTSBURGH,PA,15213,32
4608 WINTHROP ST,PITTSBURGH,PA,15213,29
4609 BAYARD STREET,PITTSBURGH,PA,15213,30
4614 5TH AVENUE,PITTSBURGH,PA,15213,23
4636 HATFIELD STREET,PITTSBURGH,PA,15201,27
469 30TH ST,PITTSBURGH,PA,15219,40
4716 ELLSWORTH AVE,PITTSBURGH,PA,15213,23
472 CANNONGATE DR,MONROEVILLE,PA,15146,29
4731 BAYARD ST,PITTSBURGH,PA,15213,33
4740 SHERWOOD DRIVE,PITTSBURGH,PA,15236,26
4750 CENTRE AVENUE,PITTSBURGH,PA,15213,25
48 FLORENCE PL,PITTSBURGH,PA,15228,21
48 SOUTHERN AVENUE,PITTSBURGH,PA,15211,24
4901 FRIENDSHIP AVE,PITTSBURGH,PA,15224,28
4901 FRIENDSHIP AVE,PITTSBURGH,PA,15224,30
496 LORLITA LANE,BETHEL PARK,PA,15102,21
5 RIDGEWAY DRIVE,MCDONALD,PA,15057,32
5 UNION AVENUE,PITTSBURGH,PA,15205,30
5 UNION AVENUE,PITTSBURGH,PA,15205,30
5002 SCHENLEY AVENUE,PITTSBURGH,PA,15224,33
5005 DEARBORN STREET,PITTSBURGH,PA,15224,20
500B S MAGNOLIA DRIVE,GLENSHAW,PA,15116,24
502 CATHEDRAL AVE,PITTSBURGH,PA,15210,19
5020 CASTLEMAN STREET,PITTSBURGH,PA,15232,48
503 SALEM HEIGHTS DR,GIBSONIA,PA,15044,26
5031 FORBES AVE,PITTSBURGH,PA,15213,21
504 LLOYD ST,PITTSBURGH,PA,15208,25
5076 PARISH LANE,PITTSBURGH,PA,15213,27
5076 PARISH LANE,PITTSBURGH,PA,15213,27
508 KNOLL ST,PITTSBURGH,PA,15212,26
508 KNOLL STREET,PITTSBURGH,PA,15233,33
5089 WINDRIVER DRIVE,MCKEES ROCKS,PA,15136,25
509 COAL STREET,PITTSBURGH,PA,15221,33
510 HEMLOCK COURT,CORAOPOLIS,PA,15108,37
5105 FORBES AVE,PITTSBURGH,PA,15213,24
5106 HARRIET ST,PITTSBURGH,PA,15224,30
511 JEANETTE STREET,PITTSBURGH,PA,15221,42
511 JEANETTE STREET,PITTSBURGH,PA,15221,36
511 JEANETTE STREET,WILKINSBURG,PA,15221,35
512 JOHN ST,PITTSBURGH,PA,15212,30
512 W. NORTH AVENUE,PITTSBURGH,PA,15212,24
512 W. NORTH AVENUE,PITTSBURGH,PA,15212,25
5125 MARGRET MORRISON,PITTSBURGH,PA,15230,22
5126 JANIE DRIVE,PITTSBURGH,PA,15227,34
513 EMERSON STREET,PITTSBURGH,PA,15206,25
513 SANDRA LANE,CHESWICK,PA,15024,22
513 SUMMIT STREET,BRADDOCK,PA,15104,22
5133 DEARBORN STREET,PITTSBURGH,PA,15224,33
514 MCNAIR AVENUE,WILKINSBURG,PA,15221,34
514 MCNAIR AVENUE,WILKINSBURG,PA,15221,34
5149 WOODWORTH ST,PITTSBURGH,PA,15224,35
516 SOUTH HIGHLAND AVE,PITTSBURGH,PA,15206,32
517 HALSEY AVE,PITTSBURGH,PA,15221,31
520 NORTH AVENUE,PITTSBURGH,PA,15221,47
5213 5TH AVE,PITTSBURGH,PA,15232,20
523 JACKSONIA STREET,PITTSBURGH,PA,15212,24
5236 CARNEGIE ST,PITTSBURGH,PA,15201,36
525 AVERY ST,PITTSBURGH,PA,15212,42
525 JEFFERSON RD,PITTSBURGH,PA,15235,24
525 N TAYLOR AVE,PITTSBURGH,PA,15212,36
5256 FORBES AVE,PITTSBURGH,PA,15217,32
527 OAKLYNN CT,PITTSBURGH,PA,15220,28
527 OAKLYNN CT,PITTSBURGH,PA,15220,24
5274 DUNCAN STREET,PITTSBURGH,PA,15201,18
529 LOCKHART ST,PITTSBURGH,PA,15212,31
529 S BRADDOCK STREET,PITTSBURGH,PA,15221,36
5346 BEELER STREET,PITTSBURGH,PA,15217,23
5360 MASSFIELD ST,PITTSBURGH,PA,15206,43
5360 MOSSFIELD ST,PITTSBURGH,PA,15224,34
537 CRAWFORD ST,PITTSBURGH,PA,15219,30
538 ESTHER AVE,PITTSBURGH,PA,15268,37
539 MIFFLIN AVE,PITTSBURGH,PA,15221,34
5400 ELLSWORTH AVE,PITTSBURGH,PA,15232,23
5401 CORAL ST,PITTSBURGH,PA,15206,39
541 BLOSSOM DR,PITTSBURGH,PA,15236,27
541 PERRY HWY,PITTSBURGH,PA,15229,22
545 INDUS ST,PITTSBURGH,PA,15207,24
5454 WILKINS AVE,PITTSBURGH,PA,15217,25
5488 HAYS STREET,PITTSBURGH,PA,15206,28
5488 HAYS STREET,PITTSBURGH,PA,15206,28
5500 DARLINGTON ROAD,PITTSBURGH,PA,15217,24
5501 CENTRE AVE,PITTSBURGH,PA,15232,24
5510 DARLINGTON ROAD,PITTSBURGH,PA,15211,41
5510 WELLESLEY AVE,PITTSBURGH,PA,15206,34
5512 WILKINS AVE,PITTSBURGH,PA,15217,22
5525 COVODE ST,PITTSBURGH,PA,15217,28
5526 FORBES AVE,PITTSBURGH,PA,15217,32
5529 CLAYBOURNE ST,PITTSBURGH,PA,15232,31
5530 PENN AVENUE,PITTSBURGH,PA,15206,28
5531 FORBES AVENUE,PITTSBURGH,PA,15217,23
5533 ELLSWORTH AVE,PITTSBURGH,PA,15232,32
5547 RALEIGH ST,PITTSBURGH,PA,15217,26
5552 BEACON ST,PITTSBURGH,PA,15217,31
5552 BEACON ST,PITTSBURGH,PA,15217,33
5559 RALEIGH ST,PITTSBURGH,PA,15217,23
5584 LAKESIDE DRIVE,GIBSONIA,PA,15044,25
560 EAST END AVE,PITTSBURGH,PA,15221,38
5601 WILKINS AVE,PITTSBURGH,PA,15217,22
5605 STEUBENVILLE PIKE,MCKEES ROCKS,PA,15136,27
561 HIGHLAND PLACE,PITTSBURGH,PA,15202,29
5612 FAIR OAKS ST,PITTSBURGH,PA,15217,23
5614 WALNUT ST,PITTSBURGH,PA,15232,23
5615 HEMPSTEAD STREET,PITTSBURGH,PA,15217,37
5618 JACKSON STREET,PITTSBURGH,PA,15206,31
5619 HOBART ST,PITTSBURGH,PA,15217,28
5619 HOBART ST,PITTSBURGH,PA,15217,29
562 EAST END AVE,PITTSBURGH,PA,15221,31
5622 WOODMONT ST,PITTSBURGH,PA,15217,24
5623 PHILLIPS AVE,PITTSBURGH,PA,15217,28
5625 HEMPSTEAD RD,PITTSBURGH,PA,15217,40
5627 HOBART STREET,PITTSBURGH,PA,15217,29
5627 HOBART STREET,PITTSBURGH,PA,15217,29
5631 MELVIN STREET,PITTSBURGH,PA,15217,30
5631 PHILLIPS AVENUE,PITTSBURGH,PA,15217,32
5646 BRYANT STREET,PITTSBURGH,PA,15206,30
567 GREENDALE AVE,PITTSBURGH,PA,15218,29
5670 DARLINGTON RD,PITTSBURGH,PA,15217,22
5680 MELVIN STREET,PITTSBURGH,PA,15217,21
5700 BUNKER HILL STREET,PITTSBURGH,PA,15206,42
5701 STANTON AVE,PITTSBURGH,PA,15206,28
5711 CALLOWHILL ST,PITTSBURGH,PA,15206,40
5717 HOBART STREET,PITTSBURGH,PA,15217,34
5720 FRIENDSHIP AVE,PITTSBURGH,PA,15206,26
5720 FRIENDSHIP AVE,PITTSBURGH,PA,15206,66
5720 FRIENDSHIP AVENUE,PITTSBURGH,PA,15206,32
5722 BAUM BLVD,PITTSBURGH,PA,15206,24
5723 HOWE ST,PITTSBURGH,PA,15232,23
5724B SOLWAY ST,PITTSBURGH,PA,15217,24
5727 ELWOOD ST,PITTSBURGH,PA,15232,39
5734 HOWE ST,PITTSBURGH,PA,15232,26
5740 WILKINS AVENUE,PITTSBURGH,PA,15217,23
5757 WILKINS AVENUE,PITTSBURGH,PA,15217,32
576 NEW TEXAS ROAD,PITTSBURGH,PA,15239,41
5800 MORROWFIELD AVENUE,PITTSBURGH,PA,15217,35
5800 WALNUT ST,PITTSBURGH,PA,15232,32
5803 5TH AVENUE,PITTSBURGH,PA,15232,27
5812 5TH AVE,PITTSBURGH,PA,15232,33
5812 5TH AVENUE,PITTSBURGH,PA,15232,23
5817 NICHOLSON ST,PITTSBURGH,PA,15217,22
5818 AYLESBORO AVE,PITTSBURGH,PA,15217,27
582 EAST END AVE,PITTSBURGH,PA,15221,32
5821 CHASKE STREET,VERONA,PA,15147,21
5826 FIFTH AVE,PITTSBURGH,PA,15232,29
5828 BEACON AVE,PITTSBURGH,PA,15217,24
5838 DOUGLAS STREET,PITTSBURGH,PA,15217,19
5845 ALDERSON ST,PITTSBURGH,PA,15217,21
585 S NEGLEY AVE,PITTSBURGH,PA,15232,25
5854 ALDERSON ST,PITTSBURGH,PA,15217,39
5854 MAEBURN STREET,PITTSBURGH,PA,15217,29
5855 ALDERSON ST,PITTSBURGH,PA,15217,22
5862 MAEBURN RD,PITTSBURGH,PA,15217,35
5862 MAEBURN RD,PITTSBURGH,PA,15217,32
5871 SHADY FORBES TER,PITTSBURGH,PA,15217,22
5875 SHADY FORBES TER,PITTSBURGH,PA,15217,25
5879 SHADY-FORBES TERRACE,PITTSBURGH,PA,15217,25
588 S AIKEN AVENUE,PITTSBURGH,PA,15232,34
5891 DARLINGTON ROAD,PITTSBURGH,PA,15217,28
5895 BARTLETT ST,PITTSBURGH,PA,15217,32
5895 BARTLETT STREET,PITTSBURGH,PA,15217,32
5899 BARTLETT STREET,PITTSBURGH,PA,15217,27
5899 BARTLETT STREET,PITTSBURGH,PA,15217,28
5903 PHILLIPS AVENUE,PITTSBURGH,PA,15217,23
5904 DOUGLAS ST,PITTSBURGH,PA,15217,34
5906 DOUGLAS STREET,PITTSBURGH,PA,15217,27
5906 DOUGLAS STREET,PITTSBURGH,PA,15217,27
5915 ELWOOD ST,PITTSBURGH,PA,15232,28
5929 ALDER STREET,PITTSBURGH,PA,15232,27
5932 HOWE ST,PITTSBURGH,PA,15232,33
5945 FIFTH AVE,PITTSBURGH,PA,15232,23
600 S DALLAS AVENUE,PITTSBURGH,PA,15217,24
601 CLYDE STREET,PITTSBURGH,PA,15213,27
601 CLYDE STREET,PITTSBURGH,PA,15213,31
602 SOUTH DALLAS AVE,PITTSBURGH,PA,15217,26
6020 GRAFTON STREET,PITTSBURGH,PA,15206,22
6027 WALNUT STREET,PITTSBURGH,PA,15206,29
605 SCHAFFER AVE,ELIZABETH,PA,15037,21
606 CEDAR AVE,PITTSBURGH,PA,15212,28
607 EAST CARSON STREET,PITTSBURGH,PA,15203,28
608 WHITNEY AVE,PITTSBURGH,PA,15221,23
609 CALAIS DR,PITTSBURGH,PA,15237,25
609 HEMLOCK ST,PITTSBURGH,PA,15202,24
61 KATHLEEN DR,MCKEES ROCKS,PA,15136,24
61 KATHLEEN DR,MCKEES ROCKS,PA,15136,27
610 JESSICA CIRCLE,OAKDALE,PA,15071,42
6106 WALNUT ST,PITTSBURGH,PA,15206,52
6112 ALDER ST D4,PITTSBURGH,PA,15206,44
612 DORSEYVILLE ROAD,PITTSBURGH,PA,15238,47
614 AVERY ST,PITTSBURGH,PA,15212,26
615 FRAYNE STREET,PITTSBURGH,PA,15217,29
615 IVY STREET,PITTSBURGH,PA,15232,21
617 GRANT ST,HEIDELBERG,PA,15106,19
618 FOREST AVE,PITTSBURGH,PA,15202,40
618 WHITNEY AVE,PITTSBURGH,PA,15221,26
619 BELLEFONTE ST,PITTSBURGH,PA,15232,56
620 BALDWIN ROAD,PITTSBURGH,PA,15207,47
620 SUISMON ST,PITTSBURGH,PA,15212,33
6201 FIFTH AVENUE,PITTSBURGH,PA,15232,28
6229 5TH AVENUE,PITTSBURGH,PA,15232,24
626 MARYLAND AVE,PITTSBURGH,PA,15232,30
627 MINNESOTA STREET,PITTSBURGH,PA,15207,31
6309 DARLINGTON ROAD,PITTSBURGH,PA,15217,24
6316 FORWARD AVE,PITTSBURGH,PA,15217,41
6322 CROMBIE ST,PITTSBURGH,PA,15217,24
633 SUMMERLEA ST,PITTSBURGH,PA,15232,23
635 HESTOR DR,PITTSBURGH,PA,15220,30
635 SOUTHCREST DR,PITTSBURGH,PA,15226,35
6350 WALDRON ST,PITTSBURGH,PA,15217,37
6359 MORROWFIELD AVE,PITTSBURGH,PA,15217,18
6368 FORWARD AVE,PITTSBURGH,PA,15217,24
6370 MORROWFIELD AVE,PITTSBURGH,PA,15217,29
6372 CHURCHILL ROAD,BETHEL PARK,PA,15102,29
6372 JACKSON ST,PITTSBURGH,PA,15206,44
640 MARYLAND AVENUE,PITTSBURGH,PA,15232,34
641 EVERGREEN AVE,PITTSBURGH,PA,15209,35
643 2ND AVENUE,VERONA,PA,15147,31
643 2ND AVENUE,VERONA,PA,15147,32
643 FRAYNE STREET,PITTSBURGH,PA,15207,31
6458 JACKSON ST,PITTSBURGH,PA,15206,24
6458 JACKSON STREET,PITTSBURGH,PA,15206,52
6506 DARLINGTON RD,PITTSBURGH,PA,15217,23
6510 DARLINGTON RD,PITTSBURGH,PA,15217,22
6611 WILKINS AVE,PITTSBURGH,PA,15217,25
6626 NORTHUMBERLAND ST,PITTSBURGH,PA,15217,23
6631 DALZELL PLACE,PITTSBURGH,PA,15217,34
6653 REYNOLDS STREET,PITTSBURGH,PA,15206,22
6655 RIDGEVILLE ST,PITTSBURGH,PA,15217,23
6660 WILKINS AVE,PITTSBURGH,PA,15217,22
6841 SISTO STREET,VERONA,PA,15147,25
6858 MEADE ST,PITTSBURGH,PA,15208,35
6858 MEADE ST,PITTSBURGH,PA,15208,34
7 ALLEGHENY CENTER,PITTSBURGH,PA,15212,23
7 ALLEGHENY CENTER,PITTSBURGH,PA,15212,23
700 IVY STREET,PITTSBURGH,PA,15232,30
702 NEVIN AVE,SEWICKLEY,PA,15143,22
7027 BLACKHAWK ST,PITTSBURGH,PA,15218,28
703 E NINTH ST,MUNHALL,PA,15120,28
704 SOUTH NEGLEY AVE,PITTSBURGH,PA,15232,27
704 SOUTH NEGLEY AVE,PITTSBURGH,PA,15232,26
704 SOUTH NEGLEY AVE,PITTSBURGH,PA,15232,28
704 SOUTH NEGLEY AVE,PITTSBURGH,PA,15232,26
705 IVY STREET,PITTSBURGH,PA,15232,31
706 SYLVAN AVE,PITTSBURGH,PA,15202,52
706 SYLVAN AVE,PITTSBURGH,PA,15202,52
7069 SPIN WAY,PITTSBURGH,PA,15206,20
708 MIFFLIN AVE,PITTSBURGH,PA,15221,29
708 MIFFLIN AVE,PITTSBURGH,PA,15221,29
709 LAMAR AVENUE,PITTSBURGH,PA,15221,31
71 MAINSGATE ST,PITTSBURGH,PA,15205,30
710 FILBERT STREET,PITTSBURGH,PA,15232,33
710 FILBERT STREET,PITTSBURGH,PA,15232,33
711 SINGER PLACE,PITTSBURGH,PA,15221,44
712 LIBERTY WAY,PORT VUE,PA,15133,26
712 LIBERTY WAY,PORT VUE,PA,15133,27
7123 WILLARD STREET,PITTSBURGH,PA,15208,56
716 MARYLAND AVE,PITTSBURGH,PA,15232,23
717 SUMMERLEA ST,PITTSBURGH,PA,15232,25
717 SUMMERLEA STREET,PITTSBURGH,PA,15232,31
718 HASTINGS ST,PITTSBURGH,PA,15206,28
718 HASTINGS ST,PITTSBURGH,PA,15206,28
7209 PENN AVENUE,PITTSBURGH,PA,15208,23
721 8TH ST,OAKMONT,PA,15139,25
7222 RACE ST,PITTSBURGH,PA,15208,36
7239 BEACON HILL DR,PITTSBURGH,PA,15221,29
728 ROSELAWN AVE,PITTSBURGH,PA,15228,27
7314 LEMINGTON AVE,PITTSBURGH,PA,15235,51
733 MARYLAND AVE,PITTSBURGH,PA,15232,28
733 N BEATTY STREET,PITTSBURGH,PA,15206,27
733 N BEATTY STREET,PITTSBURGH,PA,15206,28
733 N BEATTY STREET,PITTSBURGH,PA,15206,25
735 WALLACE AVE,WILKINSBURG,PA,15221,41
736 BRYN MAWR ROAD,PITTSBURGH,PA,15219,18
736 BRYNMAWR RD,PITTSBURGH,PA,15219,19
737 NORTH BEATTY ST,PITTSBURGH,PA,15206,28
74 FRAZIER AVE,MCKEES ROCKS,PA,15136,32
747 WASHINGTON DR,PITTSBURGH,PA,15229,33
7735 CROMWELL ST,PITTSBURGH,PA,15221,27
78 FOUNTAIN STREET,PITTSBURGH,PA,15205,46
7816 SAILOR PLACE,PITTSBURGH,PA,15218,44
79 HARWOOD STREET,PITTSBURGH,PA,15211,27
7932 EDGEWOOD AVE,PITTSBURGH,PA,15218,38
800 CLEARVIEW AVE,PITTSBURGH,PA,15205,22
800 ROSEMONT AVE,PITTSBURGH,PA,15223,27
801 N HOMEWOOD AVE,PITTSBURGH,PA,15208,67
802 MARYLAND AVE,PITTSBURGH,PA,15232,40
804 SOUTHERN AVE,PITTSBURGH,PA,15211,27
804 SOUTHERN AVE,PITTSBURGH,PA,15211,27
804 SOUTHERN AVE,PITTSBURGH,PA,15211,27
807 BEAR RUN DR,PITTSBURGH,PA,15237,28
810 REBECCA AVE,PITTSBURGH,PA,15221,33
810 S NEGLEY AVE,PITTSBURGH,PA,15232,23
812 WASHINGTON DR,PITTSBURGH,PA,15229,31
814 MADISON AVE,PITTSBURGH,PA,15212,65
815 PITTSBURGH ST,SPRINGDALE,PA,15144,56
816 HASTINGS ST,PITTSBURGH,PA,15217,35
82 BROSDILLE ST,PITTSBURGH,PA,15203,32
820 MIFFLIN AVE,PITTSBURGH,PA,15221,31
824 FLINTRIDGE RD,PITTSBURGH,PA,15243,30
831 WESTERN AVE,PITTSBURGH,PA,15233,33
832 FREELAND ST,PITTSBURGH,PA,15210,22
832 FREELAND ST,PITTSBURGH,PA,15210,23
832 VERONICA DR,PITTSBURGH,PA,15235,21
842 PARKVIEW BLVD,PITTSBURGH,PA,15215,30
852 WOODWARD ST,MCKEESPORT,PA,15132,20
89 S KINGS CREEK RD,PARIS,PA,15021,41
9 COURT PLACE,MCKEES ROCKS,PA,15136,23
904 FLORIDA AVENUE,PITTSBURGH,PA,15228,18
908 SUMMIT DRIVE,WEXFORD,PA,15090,23
910 BINGHAM ST,PITTSBURGH,PA,15203,32
910 IRWIN RUN RD,WEST MIFFLIN,PA,15122,23
915 PENN AVE,PITTSBURGH,PA,15222,24
916 PHINEAS ST,PITTSBURGH,PA,15212,21
917 S BRADDOCK AVE,PITTSBURGH,PA,15221,35
919 BEECH AVE,PITTSBURGH,PA,15233,35
919 BEECH AVENUE,PITTSBURGH,PA,15233,29
920 MARENA ST,PITTSBURGH,PA,15220,22
922 MCARDLE ROADWAY,PITTSBURGH,PA,15203,23
922 MELLON ST,PITTSBURGH,PA,15206,33
923 SAVANNAH AVE,PITTSBURGH,PA,15221,29
923 SAVANNAH AVENUE,PITTSBURGH,PA,15221,33
923 SOUTH AIKEN AVE,PITTSBURGH,PA,15232,34
925 CLIMAX ST,PITTSBURGH,PA,15210,18
926 HIGH VIEW ST,PITTSBURGH,PA,15206,41
934 FIELD CLUB RD,PITTSBURGH,PA,15238,25
9343 NTH FLORENCE RD,PITTSBURGH,PA,15237,23
936 EMERSON ST,BRACKENRIDGE,PA,15014,36
937 BRIDGEWATER DR,PITTSBURGH,PA,15216,20
939 S TRENTON AVE,PITTSBURGH,PA,15221,31
941 GREENFIELD AVE,PITTSBURGH,PA,15217,32
943 BRADDOCK ROAD,PITTSBURGH,PA,15221,32
95 22ND ST,PITTSBURGH,PA,15203,27
950 MILTON ST,PITTSBURGH,PA,15218,31
957 FREEPORT ROAD,NATRONAHTS,PA,15065,22
960K CHATHAM PK DR,PITTSBURGH,PA,15216,47
960K CHATHAM PK DR,PITTSBURGH,PA,15216,48
973 WILKINS AVE,PITTSBURGH,PA,15221,20
98 S 12TH ST,PITTSBURGH,PA,15203,29
986 LILAC ST,PITTSBURGH,PA,15217,23
NEELY SCHOOL RD BOX 57,BRADFORD WOODS,PA,15015,34
ONE CEDAR BLVD,PITTSBURGH,PA,15228,27
