Address,City,State,ZIPCode,Age
5612 OAK PLACE,BETHESDA,MD,20817,40
10014 SINNOTT DRIVE,BETHESDA,MD,20817,22
20705 BOUNTYFIELD CT,MONTGOMERY VILLAGE,MD,20886,23
41 TINDAL SPRINGS COURT,MONTGOMERY VILLAGE,MD,20886,34
4500 WESTBROOK LANE,KENSINGTON,MD,20895,19
1216 TANLEY RD,SILVER SPRING,MD,20904,22
12420 BORGES AVE M,SILVER SPRING,MD,20904,22
1404 FOGGY GLEN COURT,SILVER SPRING,MD,20906,32
724 CHESAPEAKE AVENUE,SILVER SPRING,MD,20910,23
166 DUVAL LANE,EDGEWATER,MD,21037,21
1638 HOWARD CHAPEL CT,CROFTON,MD,21114,26
38 ROYALTY CIR,OWINGS MILLS,MD,21117,19
5704 RANNY ROAD,BALTIMORE,MD,21209,22
86 GREAT LAKE DRIVE,ANNAPOLIS,MD,21403,21
9669 B CORDOVA RD T,EASTON,MD,21601,25
21587 BAR NECK COVE RD,TILGHMAN,MD,21671,44
110 PENROD AVE,PATASKALA,OH,43062,20
9620 PC GSVILLE RD,PLAIN CITY,OH,43064,23
4699 BARNWOOD DR,GROVE CITY,OH,43123,18
3215 RIVERVIEW PL,COLUMBUS,OH,43202,28
714 POLO DR,COLUMBUS,OH,43229,27
226 E 5TH ST,PORT CLINTON,OH,43452,20
11590 CLAYPIKE RD,NEW CONCORD,OH,43762,25
,EAST LIVERPOOL,OH,43920,24
224 NORTH ST,STERBENVILLE,OH,43952,32
919 LONGFORD DR,STEUBENVILLE,OH,43952,31
241 ELM STREET,OBERLIN,OH,44074,23
5334 OHIO ST,VERMLION,OH,44089,21
19300 JULIE CIRCLE,STRONGSVILLE,OH,44136,22
5091 GREENHURST DR,MAPLE HTS,OH,44137,32
3345 EDINGTON RD,FAIRLAWN,OH,44333,22
751 GHENT RD,AKRON,OH,44333,33
49500 MCCLURE RD,EPALESTINE,OH,44413,42
611 INDIANA AVE,NILES,OH,44446,19
2654 OAK FOREST,NILES,OH,44446,22
4228 MARKET ST,YOUNGSTOWN,OH,44512,26
6860 SNODDY RD,SHREVE,OH,44676,23
1375 TAFT PLACE,HAMILTON,OH,45013,21
2855 OBSERVATORY,CINCINNATI,OH,45208,23
1669 BLUE ROCK ST,CINCINNATI,OH,45223,32
46 WOODLAND AVE,DAYTON,OH,45409,22
7 WISTERIA DR,DAYTON,OH,45419,28
2635 S WINTERWOODS,FINDLAY,OH,45840,26
1807 BOUNDARY ST,ALIQUIPPA,PA,15001,24
121 JENNY LYNN DRIVE,ALIQUIPPA,PA,15001,30
709 MELROSE AVE,AMBRIDGE,PA,15003,27
1100 SECOND ST,BEAVER,PA,15009,21
708 3RD. AVENUE,BEAVER FALLS,PA,15010,22
3710 SECOND AVE,BEAVER FALLS,PA,15010,25
134 NAGY AVE,BELLE VERNON,PA,15012,21
936 EMERSON ST,BRACKENRIDGE,PA,15014,36
NEELY SCHOOL RD BOX 57,BRADFORD WOODS,PA,15015,34
89 S KINGS CREEK RD,PARIS,PA,15021,41
513 SANDRA LANE,CHESWICK,PA,15024,22
40 SIMONS ROAD,CHESWICK,PA,15024,24
419 CALDWELL ST,CLAIRTON,PA,15025,23
379 OHIO AVE,CLAIRTON,PA,15025,28
605 SCHAFFER AVE,ELIZABETH,PA,15037,21
1005 WEIGEL HILL RD,ELIZABETH,PA,15037,27
1475 9TH STREET EXT,FREEDOM,PA,15042,32
440 PARK QUARRY RD,FREEDOM,PA,15042,26
5584 LAKESIDE DRIVE,GIBSONIA,PA,15044,25
1807 N VILLA DRIVE,GIBSONIA,PA,15044,18
503 SALEM HEIGHTS DR,GIBSONIA,PA,15044,26
1161 WOODHILL DRIVE,GIBSONIA,PA,15044,36
2202 CHARDONNAY CIR,GIBSONIA,PA,15044,24
2321 2ND ST,GLASSPORT,PA,15045,24
179 CUMER RD,MCDONALD,PA,15057,23
5 RIDGEWAY DRIVE,MCDONALD,PA,15057,32
335 EISENHOWER DR,NATRONA HTS,PA,15065,25
957 FREEPORT ROAD,NATRONAHTS,PA,15065,22
183 FLORENCE ROAD,NEW BRIGHTON,PA,15066,34
1234 VICTORIA AVE,NEW KENSINGTON,PA,15068,18
39A SKYVIEW DRIVE,OAKDALE,PA,15071,22
610 JESSICA CIRCLE,OAKDALE,PA,15071,42
338 CUSTER LANE,TARENTUM,PA,15084,24
132 AUTUMN DRIVE,TRAFFORD,PA,15085,27
14370 RT 993 #60,TRAFFORD,PA,15085,27
2502 BRICHWOOD CT,WEXFORD,PA,15090,25
2430 BRANDT SCHOOL RD,WEXFORD,PA,15090,25
412 STAG HORN DR,WEXFORD,PA,15090,33
908 SUMMIT DRIVE,WEXFORD,PA,15090,23
2529 BRANDT SCHOOL RD,WEXFORD,PA,15090,43
100 RUDOLPH LANE,WEXFORD,PA,15090,25
3616 NORTH RIDGE DR,ALLISON PARK,PA,15101,56
2785 HUNTERS CIRCLE,ALLISON PARK,PA,15101,23
2483 SADDLE DRIVE,ALLISON PARK,PA,15101,18
2413 SADDLE DR,ALLISON PARK,PA,15101,28
2919 GRANDVIEW DRIVE,ALLISON PARK,PA,15101,33
2919 GRANDVIEW DR,ALLISON PARK,PA,15101,31
2919 GRANDVIEW DR,ALLISON PARK,PA,15101,32
4212 WEMBLETON DRIVE,ALLISON PARK,PA,15101,35
4472 GREENGROVE DR,ALLISON PARK,PA,15101,33
4472 GREENGROVE DRIVE,ALLISON PARK,PA,15101,33
4518 BIRCHWOOD LN,ALLISON PARK,PA,15101,37
3948 KAHN AVE,ALLISON PARK,PA,15101,28
2651 POINTVIEW DR,ALLISON PARK,PA,15101,28
496 LORLITA LANE,BETHEL PARK,PA,15102,21
1086 FOX TERRIER DR,BETHEL PARK,PA,15102,33
6372 CHURCHILL ROAD,BETHEL PARK,PA,15102,29
342 CARLTON ROAD,BETHEL PARK,PA,15102,22
3449 FOREST RD,BETHEL PARK,PA,15102,24
1744 WOLFE AVE,NORTH BRADDOCK,PA,15104,49
513 SUMMIT STREET,BRADDOCK,PA,15104,22
617 GRANT ST,HEIDELBERG,PA,15106,19
1735 ELLSWORTH AVE,CARNEGIE,PA,15106,23
410 2ND AVE,CARNEGIE,PA,15106,41
1138 PEACHTREE RD,CARNEGIE,PA,15106,30
422 LINDSAY RD,CARNEGIE,PA,15106,22
422 LINDSAY ROAD,CARNEGIE,PA,15106,28
101A RAMSEY AVE,CARNEGIE,PA,15106,29
300 HAWTHORNE AVENUE,CARNEGIE,PA,15106,33
410 2ND AVE,CARNEGIE,PA,15106,52
450 CHESTNUT STREET,CARNEGIE,PA,15106,22
300 HAWTHORNE AVENUE,CARNEGIE,PA,15106,34
510 HEMLOCK COURT,CORAOPOLIS,PA,15108,37
1704 RIDGE AVE,CORAOPOLIS,PA,15108,45
1704 RIDGE AVE,CORAOPOLIS,PA,15108,57
106 SHADOW LANE,CORAOPOLIS,PA,15108,52
413 MEADE DR,MOON TOWNSHIP,PA,15108,21
227 CLUBSIDE DRIVE,CORAOPOLIS,PA,15108,50
114 AUGUST DR,CORAOPOLIS,PA,15108,25
1406 CORAOPOLIS HTS RD,CORAOPOLIS,PA,15108,40
392 MOON CLINTON RD,CORAOPOLIS,PA,15108,28
314 PARKRIDGE LANE,CORAOPOLIS,PA,15108,40
115 TORY RD,MOON TOWNSHIP,PA,15108,24
2702 APT 211 DUQUESNE PLACE D,DUQUESNE,PA,15110,22
407 BESSEMER AVE,E PITTSBURGH,PA,15112,27
1560 ELECTRIC AVE,EPITTSBURGH,PA,15112,24
407 BESSEMER AVE,EPITTSBURGH,PA,15112,27
500B S MAGNOLIA DRIVE,GLENSHAW,PA,15116,24
1480 WILSON ST,GLENSHAW,PA,15116,21
1486 OAK AVENUE,GLENSHAW,PA,15116,25
1835 VOLLMER DRIVE,GLENSHAW,PA,15116,32
209 WOODLAND AVE,GLENSHAW,PA,15116,26
2620 CLARE ST,GLENSHAW,PA,15116,22
3601 TRAUTMAN ST,MUNHALL,PA,15120,19
703 E NINTH ST,MUNHALL,PA,15120,28
1405 OVERDALE DRIVE,WEST HOMESTEAD,PA,15120,23
316 E 11TH AVE,HOMESTEAD,PA,15120,26
4507 ELIZA ST,WEST MIFFLIN,PA,15122,25
1890 ADDISON AVE,WEST MIFFLIN,PA,15122,25
2053 HOMESTEAD DUQ RD,WEST MIFFLIN,PA,15122,25
327 LIVINGSTON RD,WEST MIFFLIN,PA,15122,24
910 IRWIN RUN RD,WEST MIFFLIN,PA,15122,23
410 GLENCOE DR,WEST MIFFLIN,PA,15122,42
127 SKYPORT DR,WEST MIFFLIN,PA,15122,31
2334 HOMESTEAD-DUQ RD,WEST MIFFLIN,PA,15122,24
2221 HEMLOCK DR,MCKEESPORT,PA,15131,47
2221 HEMLOCK DR,MCKEESPORT,PA,15131,21
1419 CARNEGIE,MCKEESPORT,PA,15132,23
1314 WILSON ST,MCKEESPORT,PA,15132,25
2811 FREELAND STREET,MCKEESPORT,PA,15132,32
852 WOODWARD ST,MCKEESPORT,PA,15132,20
3415 GROVER ST,MCKEESPORT,PA,15132,41
712 LIBERTY WAY,PORT VUE,PA,15133,26
1025 PLEASANT AVENUE,PORT VUE,PA,15133,23
1025 PLEASANT AVE,PORT VUE,PA,15133,52
712 LIBERTY WAY,PORT VUE,PA,15133,27
2107 TURKEYFOOT ROAD,MCKEESPORT,PA,15135,24
177 N VIREO DR,MCKEES ROCKS,PA,15136,26
5089 WINDRIVER DRIVE,MCKEES ROCKS,PA,15136,25
2109 AIKEN RD,MCKEES ROCKS,PA,15136,25
61 KATHLEEN DR,MCKEES ROCKS,PA,15136,24
5605 STEUBENVILLE PIKE,MCKEES ROCKS,PA,15136,27
61 KATHLEEN DR,MCKEES ROCKS,PA,15136,27
74 FRAZIER AVE,MCKEES ROCKS,PA,15136,32
1 FRANCES DRIVE,MCKEES ROCKS,PA,15136,25
9 COURT PLACE,MCKEES ROCKS,PA,15136,23
100 GRAHAM AVENUE,N VERSAILLES,PA,15137,20
100 GRAHAM AVE,N VERSAILLES,PA,15137,49
223 MARYELLEN DR,NORTH VERSAILLES,PA,15137,26
721 8TH ST,OAKMONT,PA,15139,25
1513 PINEHURST LANE,OAKMONT,PA,15139,23
1513 PINEHURST LANE,OAKMONT,PA,15139,24
702 NEVIN AVE,SEWICKLEY,PA,15143,22
310 CHAUCER CT N,SEWICKLEY,PA,15143,21
310 CHAUCER COURT,SEWICKLEY,PA,15143,25
1126 CAMPMEETING RD,SEWICKLEY,PA,15143,23
234 MELVILLE LANE,SEWICKLEY,PA,15143,63
100 ACADEMY PLACE,SEWICKLEY,PA,15143,24
2516 PEGHER LANE,SEWICKLEY,PA,15143,24
815 PITTSBURGH ST,SPRINGDALE,PA,15144,56
38-D BOONE DRIVE,TURTLE CREEK,PA,15145,22
1011 MONROEVILLE AVE,TURTLE CREEK,PA,15145,36
4439 HELMAR DR,MONROEVILLE,PA,15146,21
4439 HELMAR DR,MONROEVILLE,PA,15146,27
1169 HARVARD RD,MONROEVILLE,PA,15146,20
301 COLLEGE PARK DR,MONROEVILLE,PA,15146,31
472 CANNONGATE DR,MONROEVILLE,PA,15146,29
5821 CHASKE STREET,VERONA,PA,15147,21
643 2ND AVENUE,VERONA,PA,15147,31
6841 SISTO STREET,VERONA,PA,15147,25
346 PENN STREET,VERONA,PA,15147,27
214 HULTON ROAD,VERONA,PA,15147,28
643 2ND AVENUE,VERONA,PA,15147,32
214 MAIN ST,PITTSBURGH,PA,15201,29
3711 BANDREA STREET,PITTSBURGH,PA,15201,27
5274 DUNCAN STREET,PITTSBURGH,PA,15201,18
148 46TH ST,PITTSBURGH,PA,15201,24
173 36TH ST,PITTSBURGH,PA,15201,24
210 MAIN ST,PITTSBURGH,PA,15201,23
370 42ND ST,PITTSBURGH,PA,15201,28
1360 SIMONA DRIVE,PITTSBURGH,PA,15201,33
174 STANTON COURT EAST,PITTSBURGH,PA,15201,23
189 LOCARNA WAY,PITTSBURGH,PA,15201,21
232 46TH STREET,PITTSBURGH,PA,15201,24
3711 BANDREA STREET,PITTSBURGH,PA,15201,27
214 MAIN ST,PITTSBURGH,PA,15201,30
1360 SIMONA DRIVE,PITTSBURGH,PA,15201,34
4500 BUTLER ST,PITTSBURGH,PA,15201,40
5236 CARNEGIE ST,PITTSBURGH,PA,15201,36
3609 PENN AVE,PITTSBURGH,PA,15201,28
266 38 TH STREET,PITTSBURGH,PA,15201,35
4636 HATFIELD STREET,PITTSBURGH,PA,15201,27
173 36TH ST,PITTSBURGH,PA,15201,24
174 38TH STREET,PITTSBURGH,PA,15201,34
372 MAIN ST,PITTSBURGH,PA,15201,24
372 MAIN STREET,PITTSBURGH,PA,15201,24
264 44TH STREET,PITTSBURGH,PA,15201,30
375 1/2 MAIN STREET,PITTSBURGH,PA,15201,26
618 FOREST AVE,PITTSBURGH,PA,15202,40
162 WATKINS AVENUE,PITTSBURGH,PA,15202,33
706 SYLVAN AVE,PITTSBURGH,PA,15202,52
706 SYLVAN AVE,PITTSBURGH,PA,15202,52
561 HIGHLAND PLACE,PITTSBURGH,PA,15202,29
609 HEMLOCK ST,PITTSBURGH,PA,15202,24
1920 S 18TH ST,PITTSBURGH,PA,15203,28
1705 CLINTON ST,PITTSBURGH,PA,15203,32
1705 CLINTON ST,PITTSBURGH,PA,15203,30
2421 JANE ST,PITTSBURGH,PA,15203,32
95 22ND ST,PITTSBURGH,PA,15203,27
2328 E CARSON ST,PITTSBURGH,PA,15203,24
922 MCARDLE ROADWAY,PITTSBURGH,PA,15203,23
2704 JANE STREET,PITTSBURGH,PA,15203,30
2119 SIDNEY ST,PITTSBURGH,PA,15203,27
607 EAST CARSON STREET,PITTSBURGH,PA,15203,28
P O BOX 10701,PITTSBURGH,PA,15203,37
1011 BRADISH ST,PITTSBURGH,PA,15203,28
2340 E CARSON ST,PITTSBURGH,PA,15203,23
2213 JANE STREET,PITTSBURGH,PA,15203,32
1117 MARY ANN ST,PITTSBURGH,PA,15203,26
82 BROSDILLE ST,PITTSBURGH,PA,15203,32
1705 E CARSON ST,PITTSBURGH,PA,15203,28
1408 E CARSON ST,PITTSBURGH,PA,15203,51
2005 LARKINS WAY,PITTSBURGH,PA,15203,31
2005 LARKINS WAY,PITTSBURGH,PA,15203,29
26 KOSCIUSKO WAY,PITTSBURGH,PA,15203,35
21 ELEANOR ST,PITTSBURGH,PA,15203,27
2013 1/2 GREGORY ST,PITTSBURGH,PA,15203,25
2013 1/2 GREGORY ST,PITTSBURGH,PA,15203,29
110 S 11TH ST,PITTSBURGH,PA,15203,22
910 BINGHAM ST,PITTSBURGH,PA,15203,32
25 KOSCIUSKO WAY,PITTSBURGH,PA,15203,33
3219 JOSEPHINE ST,PITTSBURGH,PA,15203,26
1011 BRADISH ST,PITTSBURGH,PA,15203,29
2215 JANE STREET,PITTSBURGH,PA,15203,24
2215 JANE STREET,PITTSBURGH,PA,15203,27
2321 WRIGHTS WAY,PITTSBURGH,PA,15203,26
1910 S 18TH STREET,PITTSBURGH,PA,15203,24
1606 BINGHAM STREET,PITTSBURGH,PA,15203,27
113 SOUTH 25TH STREET,PITTSBURGH,PA,15203,30
98 S 12TH ST,PITTSBURGH,PA,15203,29
1025 ST MARTIN ST,PITTSBURGH,PA,15203,51
2215 SARAH STREET,PITTSBURGH,PA,15203,26
1923 JANE ST,PITTSBURGH,PA,15203,22
2809 EDWARDS WAY,PITTSBURGH,PA,15203,29
2103 WHARTON ST,PITTSBURGH,PA,15203,28
3112 1/2 JANE STREET,PITTSBURGH,PA,15203,25
16 ELEANOR ST,PITTSBURGH,PA,15203,29
1920 S 18TH ST,PITTSBURGH,PA,15203,28
1214 STANHOPE STREET,PITTSBURGH,PA,15204,22
3303 CANOPOLIS ST,PITTSBURGH,PA,15204,30
3042 GLEN MAWR AVE,PITTSBURGH,PA,15204,28
430 COUNTRY VIEW COURT,PITTSBURGH,PA,15205,43
232 HOLLYWOOD ST,PITTSBURGH,PA,15205,28
142 REED DR,PITTSBURGH,PA,15205,40
5 UNION AVENUE,PITTSBURGH,PA,15205,30
227 CHESTNUT RIDGE DR,PITTSBURGH,PA,15205,30
1729 ARNOLD ST,PITTSBURGH,PA,15205,28
205 ETON RD,PITTSBURGH,PA,15205,29
1132 CORNELL ROAD,PITTSBURGH,PA,15205,21
5 UNION AVENUE,PITTSBURGH,PA,15205,30
1132 CORNELL RD,PITTSBURGH,PA,15205,25
106 PROMENADE ST,PITTSBURGH,PA,15205,38
78 FOUNTAIN STREET,PITTSBURGH,PA,15205,46
800 CLEARVIEW AVE,PITTSBURGH,PA,15205,22
71 MAINSGATE ST,PITTSBURGH,PA,15205,30
7069 SPIN WAY,PITTSBURGH,PA,15206,20
402 N BEATTY ST,PITTSBURGH,PA,15206,58
5700 BUNKER HILL STREET,PITTSBURGH,PA,15206,42
347 HASTINGS ST,PITTSBURGH,PA,15206,25
347 HASTINGS ST,PITTSBURGH,PA,15206,25
6458 JACKSON ST,PITTSBURGH,PA,15206,24
5488 HAYS STREET,PITTSBURGH,PA,15206,28
6112 ALDER ST D4,PITTSBURGH,PA,15206,44
1717 CHISLETT ST,PITTSBURGH,PA,15206,28
1701 TRINITY ST,PITTSBURGH,PA,15206,24
1030 CHISLETT ST,PITTSBURGH,PA,15206,53
718 HASTINGS ST,PITTSBURGH,PA,15206,28
5720 FRIENDSHIP AVENUE,PITTSBURGH,PA,15206,32
5401 CORAL ST,PITTSBURGH,PA,15206,39
1401 N. ST.CLAIR,PITTSBURGH,PA,15206,29
5530 PENN AVENUE,PITTSBURGH,PA,15206,28
229 S FAIRMOUNT AVENUE,PITTSBURGH,PA,15206,26
200 S FAIRMONT STREET,PITTSBURGH,PA,15206,25
1131 NORTH EUCLID AVE,PITTSBURGH,PA,15206,24
1647 MORNINGSIDE AVE,PITTSBURGH,PA,15206,26
5720 FRIENDSHIP AVE,PITTSBURGH,PA,15206,26
265 SHADY AVE,PITTSBURGH,PA,15206,32
733 N BEATTY STREET,PITTSBURGH,PA,15206,27
110 S GRAHAM STREET,PITTSBURGH,PA,15206,30
153 1/2 S.FAIRMONT ST,PITTSBURGH,PA,15206,32
922 MELLON ST,PITTSBURGH,PA,15206,33
5711 CALLOWHILL ST,PITTSBURGH,PA,15206,40
363 S. HIGHLAND AVE,PITTSBURGH,PA,15206,37
6372 JACKSON ST,PITTSBURGH,PA,15206,44
516 SOUTH HIGHLAND AVE,PITTSBURGH,PA,15206,32
1236 WINTERTON ST,PITTSBURGH,PA,15206,20
737 NORTH BEATTY ST,PITTSBURGH,PA,15206,28
6020 GRAFTON STREET,PITTSBURGH,PA,15206,22
5488 HAYS STREET,PITTSBURGH,PA,15206,28
6653 REYNOLDS STREET,PITTSBURGH,PA,15206,22
5722 BAUM BLVD,PITTSBURGH,PA,15206,24
1103 HEBERTON STREET,PITTSBURGH,PA,15206,38
258 SHADY AVENUE,PITTSBURGH,PA,15206,33
224 S HIGHLAND AVE,PITTSBURGH,PA,15206,30
5701 STANTON AVE,PITTSBURGH,PA,15206,28
513 EMERSON STREET,PITTSBURGH,PA,15206,25
5360 MASSFIELD ST,PITTSBURGH,PA,15206,43
412 ENRIGHT COURT,PITTSBURGH,PA,15206,63
5720 FRIENDSHIP AVE,PITTSBURGH,PA,15206,66
110 HIGH PARK PL,PITTSBURGH,PA,15206,24
1647 MORNINGSIDE AVE,PITTSBURGH,PA,15206,27
1674 DUFFIELD STREET,PITTSBURGH,PA,15206,30
1674 DUFFIELD ST,PITTSBURGH,PA,15206,27
6458 JACKSON STREET,PITTSBURGH,PA,15206,52
926 HIGH VIEW ST,PITTSBURGH,PA,15206,41
733 N BEATTY STREET,PITTSBURGH,PA,15206,28
733 N BEATTY STREET,PITTSBURGH,PA,15206,25
325 SOUTH HIGHLAND AVE,PITTSBURGH,PA,15206,37
5618 JACKSON STREET,PITTSBURGH,PA,15206,31
6106 WALNUT ST,PITTSBURGH,PA,15206,52
5646 BRYANT STREET,PITTSBURGH,PA,15206,30
6027 WALNUT STREET,PITTSBURGH,PA,15206,29
718 HASTINGS ST,PITTSBURGH,PA,15206,28
1135 N ST CLAIR,PITTSBURGH,PA,15206,26
127 S AIKEN AVE,PITTSBURGH,PA,15206,24
1729 TRINITY STREET,PITTSBURGH,PA,15206,27
129 S. GRAHAM STREET,PITTSBURGH,PA,15206,35
1038 N NEGLEY AVE,PITTSBURGH,PA,15206,23
5510 WELLESLEY AVE,PITTSBURGH,PA,15206,34
1038 N NEGLEY AVENUE,PITTSBURGH,PA,15206,23
1137 N HIGHLAND AVENUE,PITTSBURGH,PA,15206,30
1141 N. HIGHLAND AVE,PITTSBURGH,PA,15206,24
372 SOUTH HIGHLAND AVE,PITTSBURGH,PA,15206,35
620 BALDWIN ROAD,PITTSBURGH,PA,15207,47
1313 APDALE ST,PITTSBURGH,PA,15207,21
250 HAZELWOOD AVE,PITTSBURGH,PA,15207,52
4221 WINTERBURN AVE,PITTSBURGH,PA,15207,37
627 MINNESOTA STREET,PITTSBURGH,PA,15207,31
545 INDUS ST,PITTSBURGH,PA,15207,24
643 FRAYNE STREET,PITTSBURGH,PA,15207,31
3917 NANTASKET ST,PITTSBURGH,PA,15207,36
801 N HOMEWOOD AVE,PITTSBURGH,PA,15208,67
7123 WILLARD STREET,PITTSBURGH,PA,15208,56
1323 N LANG AVE,PITTSBURGH,PA,15208,43
504 LLOYD ST,PITTSBURGH,PA,15208,25
314 LE ROI ROAD,PITTSBURGH,PA,15208,21
7222 RACE ST,PITTSBURGH,PA,15208,36
133 SOUTH LINDEN AVE,PITTSBURGH,PA,15208,34
329 SOUTH LANG AVE,PITTSBURGH,PA,15208,29
6858 MEADE ST,PITTSBURGH,PA,15208,35
6858 MEADE ST,PITTSBURGH,PA,15208,34
7209 PENN AVENUE,PITTSBURGH,PA,15208,23
132 S LINDEN AVE,PITTSBURGH,PA,15208,24
400 S LANG ST,PITTSBURGH,PA,15208,22
220 LYONS WAY,PITTSBURGH,PA,15209,23
103 CANBY DR,PITTSBURGH,PA,15209,25
112 HILGLOR DR,PITTSBURGH,PA,15209,26
113 HIRAM ST,PITTSBURGH,PA,15209,33
641 EVERGREEN AVE,PITTSBURGH,PA,15209,35
345 MOORE AVE,PITTSBURGH,PA,15210,21
125 LOCUST ST,PITTSBURGH,PA,15210,25
1741 ARLINGTON AVE,PITTSBURGH,PA,15210,23
502 CATHEDRAL AVE,PITTSBURGH,PA,15210,19
832 FREELAND ST,PITTSBURGH,PA,15210,22
231 THE BLVD,PITTSBURGH,PA,15210,23
1724 LEOLYN ST,PITTSBURGH,PA,15210,44
1732 BROWNSVILLE RD,PITTSBURGH,PA,15210,36
232 CHARLES ST,PITTSBURGH,PA,15210,42
925 CLIMAX ST,PITTSBURGH,PA,15210,18
2509 S 18TH ST,PITTSBURGH,PA,15210,32
1215 AMANDA ST,PITTSBURGH,PA,15210,39
1826 BROWNSVILLE RD,PITTSBURGH,PA,15210,22
3265 RALEIGH AVE,PITTSBURGH,PA,15210,25
2828 SPRING ST,PITTSBURGH,PA,15210,31
832 FREELAND ST,PITTSBURGH,PA,15210,23
155 MERRIMAC ST,PITTSBURGH,PA,15211,24
221 ULYSSES ST,PITTSBURGH,PA,15211,25
48 SOUTHERN AVENUE,PITTSBURGH,PA,15211,24
161 E SYCAMORE ST,PITTSBURGH,PA,15211,46
273 PAUL ST,PITTSBURGH,PA,15211,27
804 SOUTHERN AVE,PITTSBURGH,PA,15211,27
79 HARWOOD STREET,PITTSBURGH,PA,15211,27
163 MERRIMAC STREET,PITTSBURGH,PA,15211,24
163 MERRIMAC ST,PITTSBURGH,PA,15211,23
1618 RUTLEDGE ST,PITTSBURGH,PA,15211,21
424 BELONDA STREET,PITTSBURGH,PA,15211,24
323 SMITH WAY,PITTSBURGH,PA,15211,27
229 KEARSARGE STREET,PITTSBURGH,PA,15211,26
201 LABELLE ST,PITTSBURGH,PA,15211,24
335 KEARSARGE STREET,PITTSBURGH,PA,15211,31
127 W SYCAMORE ST,PITTSBURGH,PA,15211,20
804 SOUTHERN AVE,PITTSBURGH,PA,15211,27
804 SOUTHERN AVE,PITTSBURGH,PA,15211,27
243 ONEIDA STREET,PITTSBURGH,PA,15211,33
243 ONEIDA STREET,PITTSBURGH,PA,15211,34
5510 DARLINGTON ROAD,PITTSBURGH,PA,15211,41
159 ULYSSES ST,PITTSBURGH,PA,15211,41
131 W SYCAMORE ST,PITTSBURGH,PA,15211,24
155 MERRIMAC ST,PITTSBURGH,PA,15211,24
436 BIGHAM,PITTSBURGH,PA,15211,57
45 HARWOOD STREET,PITTSBURGH,PA,15211,27
1122 MORRISON ST,PITTSBURGH,PA,15212,29
7 ALLEGHENY CENTER,PITTSBURGH,PA,15212,23
1749 PERRYSVILLE AVE,PITTSBURGH,PA,15212,24
529 LOCKHART ST,PITTSBURGH,PA,15212,31
1522 GARFIELD AVENUE,PITTSBURGH,PA,15212,33
1522 GARFIELD AVE,PITTSBURGH,PA,15212,33
3948 WINSHIRE STREET,PITTSBURGH,PA,15212,41
512 W. NORTH AVENUE,PITTSBURGH,PA,15212,24
1240 RESACA PL,PITTSBURGH,PA,15212,26
1202 MONTEREY ST,PITTSBURGH,PA,15212,42
7 ALLEGHENY CENTER,PITTSBURGH,PA,15212,23
1211 PALO ALTO STREET,PITTSBURGH,PA,15212,40
814 MADISON AVE,PITTSBURGH,PA,15212,65
2104 ROCKLEDGE STREET,PITTSBURGH,PA,15212,26
620 SUISMON ST,PITTSBURGH,PA,15212,33
1403 SHERMAN AVE,PITTSBURGH,PA,15212,34
1403 SHERMAN AVE,PITTSBURGH,PA,15212,35
1405 SHERMAN AVE,PITTSBURGH,PA,15212,34
1209 PALO ALTO ST,PITTSBURGH,PA,15212,47
525 N TAYLOR AVE,PITTSBURGH,PA,15212,36
1523 MONTEREY STREET,PITTSBURGH,PA,15212,41
1523 MONTEREY ST,PITTSBURGH,PA,15212,54
1238 RESACA PL,PITTSBURGH,PA,15212,45
1227 RESACA PLACE,PITTSBURGH,PA,15212,57
2121 LAPPE LANE,PITTSBURGH,PA,15212,36
606 CEDAR AVE,PITTSBURGH,PA,15212,28
512 JOHN ST,PITTSBURGH,PA,15212,30
1613 BUENA VISTA,PITTSBURGH,PA,15212,29
1613 BUENA VISTA STREET,PITTSBURGH,PA,15212,26
1224 BUENA VISTA STREET,PITTSBURGH,PA,15212,34
1326 ARCH ST,PITTSBURGH,PA,15212,31
1224 BUENA VISA STREET,PITTSBURGH,PA,15212,33
525 AVERY ST,PITTSBURGH,PA,15212,42
1613 BUENA VISTA,PITTSBURGH,PA,15212,35
408 SAMPSONIA WAY,PITTSBURGH,PA,15212,30
1246 HIGH ST,PITTSBURGH,PA,15212,29
1237 BUENA VISTA ST,PITTSBURGH,PA,15212,46
1203 BUENA VISTA ST,PITTSBURGH,PA,15212,38
1112 SHERMAN AVE,PITTSBURGH,PA,15212,26
523 JACKSONIA STREET,PITTSBURGH,PA,15212,24
1210 MONTEREY STREET,PITTSBURGH,PA,15212,52
2619 STAYTON STREET,PITTSBURGH,PA,15212,50
1522 GARFIELD AVE,PITTSBURGH,PA,15212,34
1522 GARFIELD AVENUE,PITTSBURGH,PA,15212,33
412 WEST NORTH AVE,PITTSBURGH,PA,15212,29
412 W NORTH AVE,PITTSBURGH,PA,15212,28
1228 PALO ALTO STREET,PITTSBURGH,PA,15212,51
1519 MONTEREY ST,PITTSBURGH,PA,15212,43
512 W. NORTH AVENUE,PITTSBURGH,PA,15212,25
1323 DIANA ST,PITTSBURGH,PA,15212,44
916 PHINEAS ST,PITTSBURGH,PA,15212,21
1322 GOETTMAN STREET,PITTSBURGH,PA,15212,45
1302 BUENA VISTA STREET,PITTSBURGH,PA,15212,27
614 AVERY ST,PITTSBURGH,PA,15212,26
414 JACKSONIA ST,PITTSBURGH,PA,15212,25
508 KNOLL ST,PITTSBURGH,PA,15212,26
3266 WARD ST 1,PITTSBURGH,PA,15213,28
369 SEMPLE ST,PITTSBURGH,PA,15213,24
4750 CENTRE AVENUE,PITTSBURGH,PA,15213,25
255 ATWOOD ST,PITTSBURGH,PA,15213,28
3709 DAWSON ST,PITTSBURGH,PA,15213,25
3313 WARD STREET,PITTSBURGH,PA,15213,26
406 CATO ST,PITTSBURGH,PA,15213,37
1 BAYARD RD,PITTSBURGH,PA,15213,23
222 MELWOOD AVE,PITTSBURGH,PA,15213,23
222 MELWOOD AVE,PITTSBURGH,PA,15213,23
400 N NEGLEY AVE,PITTSBURGH,PA,15213,25
3955 BIGELOW BLVD,PITTSBURGH,PA,15213,28
601 CLYDE STREET,PITTSBURGH,PA,15213,27
601 CLYDE STREET,PITTSBURGH,PA,15213,31
3612 PARKVIEW AVE,PITTSBURGH,PA,15213,22
4601 BAYARD STREET,PITTSBURGH,PA,15213,32
5076 PARISH LANE,PITTSBURGH,PA,15213,27
35 ENFIELD ST,PITTSBURGH,PA,15213,26
275 N.DITHRIDGE ST,PITTSBURGH,PA,15213,24
414 SOUTH CRAIG STREET,PITTSBURGH,PA,15213,27
300 MELWOOD AVENUE,PITTSBURGH,PA,15213,22
5031 FORBES AVE,PITTSBURGH,PA,15213,21
4608 WINTHROP ST,PITTSBURGH,PA,15213,29
225 MELWOOD AVE,PITTSBURGH,PA,15213,29
4614 5TH AVENUE,PITTSBURGH,PA,15213,23
3336 WARD STREET,PITTSBURGH,PA,15213,22
141 N DITHRIDGE ST,PITTSBURGH,PA,15213,24
4731 BAYARD ST,PITTSBURGH,PA,15213,33
3821 DAWSON ST,PITTSBURGH,PA,15213,29
222 N CRAIG ST,PITTSBURGH,PA,15213,25
214 NORTH CRAIG STREET,PITTSBURGH,PA,15213,24
P O BX 7323,PITTSBURGH,PA,15213,37
3602 BATES STREET,PITTSBURGH,PA,15213,23
222 MELWOOD AVE,PITTSBURGH,PA,15213,23
222 MELWOOD AVE,PITTSBURGH,PA,15213,23
319 MOREWOOD AVE,PITTSBURGH,PA,15213,30
5076 PARISH LANE,PITTSBURGH,PA,15213,27
5105 FORBES AVE,PITTSBURGH,PA,15213,24
3709 DAWSON ST,PITTSBURGH,PA,15213,25
3811 BATES STREET,PITTSBURGH,PA,15213,32
146 N.BELLEFIELD ST,PITTSBURGH,PA,15213,27
4716 ELLSWORTH AVE,PITTSBURGH,PA,15213,23
4609 BAYARD STREET,PITTSBURGH,PA,15213,30
144 NORTH DITHRIDGE ST,PITTSBURGH,PA,15213,28
2622 NORWOOD ST,PITTSBURGH,PA,15214,30
3726 BAYTREE ST,PITTSBURGH,PA,15214,26
3826 EAST STREET,PITTSBURGH,PA,15214,25
156 MARSHALL AVENUE,PITTSBURGH,PA,15214,33
121 RICHEY AVE,PITTSBURGH,PA,15214,26
121 RICHEY AVENUE,PITTSBURGH,PA,15214,24
40 PERRYVIEW AVE,PITTSBURGH,PA,15214,30
18 CHERRYFIELD ST,PITTSBURGH,PA,15214,30
3726 BAYTREE ST,PITTSBURGH,PA,15214,27
201 EMERSON AVE,PITTSBURGH,PA,15215,25
113 2ND STREET,ASPINWALL,PA,15215,24
107 WESTERN AV,PITTSBURGH,PA,15215,38
120 W 9TH STREET,PITTSBURGH,PA,15215,23
408 DORSEYVILLE RD,PITTSBURGH,PA,15215,24
413 EASTERN AVE,PITTSBURGH,PA,15215,30
842 PARKVIEW BLVD,PITTSBURGH,PA,15215,30
1683 MONTPELIER AVENUE,PITTSBURGH,PA,15216,38
960K CHATHAM PK DR,PITTSBURGH,PA,15216,47
1525 BEECHVIEW AVE,PITTSBURGH,PA,15216,26
1525 BEECHVIEW AVE,PITTSBURGH,PA,15216,26
2706 ESPY AVENUE,PITTSBURGH,PA,15216,26
3056 WINDERMERE AVE,PITTSBURGH,PA,15216,25
1461 KELTON AVE,PITTSBURGH,PA,15216,49
1400 ORANGE WOOD AVE,PITTSBURGH,PA,15216,28
937 BRIDGEWATER DR,PITTSBURGH,PA,15216,20
1448 ALABAMA AVE,PITTSBURGH,PA,15216,19
1359 ILLINOIS AVE,PITTSBURGH,PA,15216,35
1359 ILLINOIS AVE,PITTSBURGH,PA,15216,32
3216 ANNAPOLIS AVE,PITTSBURGH,PA,15216,24
960K CHATHAM PK DR,PITTSBURGH,PA,15216,48
1134 ILLINOIS AVENUE,PITTSBURGH,PA,15216,26
2237 BROADWAY AVE,PITTSBURGH,PA,15216,24
2237 BROADWAY AVE,PITTSBURGH,PA,15216,21
2851 ESPY AVE,PITTSBURGH,PA,15216,76
3120 PINEHURST AVE,PITTSBURGH,PA,15216,23
1359 ILLINOIS AVE,PITTSBURGH,PA,15216,32
1359 ILLINOIS AVE,PITTSBURGH,PA,15216,35
1416 POTOMAC AVENUE,PITTSBURGH,PA,15216,38
1411 FALLOWFIELD AVE,PITTSBURGH,PA,15216,25
1411 FALLOWFIELD AVE,PITTSBURGH,PA,15216,26
4025 WINDSOR STREET,PITTSBURGH,PA,15217,29
6631 DALZELL PLACE,PITTSBURGH,PA,15217,34
2212 SHADY AVE,PITTSBURGH,PA,15217,44
125 1/2 GILDA AVE,PITTSBURGH,PA,15217,23
2000 WENDOVER STREET,PITTSBURGH,PA,15217,26
6359 MORROWFIELD AVE,PITTSBURGH,PA,15217,18
5717 HOBART STREET,PITTSBURGH,PA,15217,34
2617 SHADY AVE,PITTSBURGH,PA,15217,31
1524 ASBURY PL,PITTSBURGH,PA,15217,26
1524 ASBURY PLACE,PITTSBURGH,PA,15217,28
5670 DARLINGTON RD,PITTSBURGH,PA,15217,22
6510 DARLINGTON RD,PITTSBURGH,PA,15217,22
5838 DOUGLAS STREET,PITTSBURGH,PA,15217,19
5899 BARTLETT STREET,PITTSBURGH,PA,15217,27
5547 RALEIGH ST,PITTSBURGH,PA,15217,26
6611 WILKINS AVE,PITTSBURGH,PA,15217,25
816 HASTINGS ST,PITTSBURGH,PA,15217,35
6506 DARLINGTON RD,PITTSBURGH,PA,15217,23
4038 WINDSOR ST,PITTSBURGH,PA,15217,26
5627 HOBART STREET,PITTSBURGH,PA,15217,29
2057 BEECHWOOD BLVD,PITTSBURGH,PA,15217,28
5855 ALDERSON ST,PITTSBURGH,PA,15217,22
5879 SHADY-FORBES TERRACE,PITTSBURGH,PA,15217,25
5454 WILKINS AVE,PITTSBURGH,PA,15217,25
941 GREENFIELD AVE,PITTSBURGH,PA,15217,32
209 GLADSTONE RD,PITTSBURGH,PA,15217,40
3527 BEECHWOOD BLVD,PITTSBURGH,PA,15217,28
2255 TILBURY AVENUE,PITTSBURGH,PA,15217,29
5619 HOBART ST,PITTSBURGH,PA,15217,28
2145 WIGHTMAN ST,PITTSBURGH,PA,15217,29
5631 PHILLIPS AVENUE,PITTSBURGH,PA,15217,32
2952 FERNWALD RD,PITTSBURGH,PA,15217,21
2123 SHADY AVENUE,PITTSBURGH,PA,15217,28
986 LILAC ST,PITTSBURGH,PA,15217,23
1641 BEECHWOOD BLVD,PITTSBURGH,PA,15217,23
5615 HEMPSTEAD STREET,PITTSBURGH,PA,15217,37
5552 BEACON ST,PITTSBURGH,PA,15217,31
5552 BEACON ST,PITTSBURGH,PA,15217,33
5875 SHADY FORBES TER,PITTSBURGH,PA,15217,25
3609 BEECHWOOD BLVD,PITTSBURGH,PA,15217,25
2715 MURRAY AVE,PITTSBURGH,PA,15217,25
3609 BEECHWOOD BLVD,PITTSBURGH,PA,15217,24
5625 HEMPSTEAD RD,PITTSBURGH,PA,15217,40
2605 BEECHWOOD BLVD,PITTSBURGH,PA,15217,19
5531 FORBES AVENUE,PITTSBURGH,PA,15217,23
5854 MAEBURN STREET,PITTSBURGH,PA,15217,29
1347 SHADY AVE,PITTSBURGH,PA,15217,43
5906 DOUGLAS STREET,PITTSBURGH,PA,15217,27
5818 AYLESBORO AVE,PITTSBURGH,PA,15217,27
4 OLYMPIA PLACE,PITTSBURGH,PA,15217,46
6350 WALDRON ST,PITTSBURGH,PA,15217,37
5800 MORROWFIELD AVENUE,PITTSBURGH,PA,15217,35
5895 BARTLETT STREET,PITTSBURGH,PA,15217,32
5895 BARTLETT ST,PITTSBURGH,PA,15217,32
5500 DARLINGTON ROAD,PITTSBURGH,PA,15217,24
6370 MORROWFIELD AVE,PITTSBURGH,PA,15217,29
2529 BEECHWOOD BLVD,PITTSBURGH,PA,15217,32
5680 MELVIN STREET,PITTSBURGH,PA,15217,21
3583 BEECHWOOD BLVD,PITTSBURGH,PA,15217,31
5622 WOODMONT ST,PITTSBURGH,PA,15217,24
5525 COVODE ST,PITTSBURGH,PA,15217,28
1524 ASBURY PLACE,PITTSBURGH,PA,15217,29
209 GLADSTONE RD,PITTSBURGH,PA,15217,40
5845 ALDERSON ST,PITTSBURGH,PA,15217,21
2000 WENDOVER STREET,PITTSBURGH,PA,15217,26
615 FRAYNE STREET,PITTSBURGH,PA,15217,29
2817 SHADY AVENUE,PITTSBURGH,PA,15217,42
5631 MELVIN STREET,PITTSBURGH,PA,15217,30
5612 FAIR OAKS ST,PITTSBURGH,PA,15217,23
2123 SHADY AVENUE,PITTSBURGH,PA,15217,29
5862 MAEBURN RD,PITTSBURGH,PA,15217,35
5862 MAEBURN RD,PITTSBURGH,PA,15217,32
1047 MIRROR ST,PITTSBURGH,PA,15217,31
5346 BEELER STREET,PITTSBURGH,PA,15217,23
1129 S.NEGLEY AVENUE,PITTSBURGH,PA,15217,38
2355 TILBURY AV,PITTSBURGH,PA,15217,39
5904 DOUGLAS ST,PITTSBURGH,PA,15217,34
2212 SHADY AVE,PITTSBURGH,PA,15217,44
5757 WILKINS AVENUE,PITTSBURGH,PA,15217,32
5906 DOUGLAS STREET,PITTSBURGH,PA,15217,27
1814 SHADY AVE,PITTSBURGH,PA,15217,32
6316 FORWARD AVE,PITTSBURGH,PA,15217,41
5871 SHADY FORBES TER,PITTSBURGH,PA,15217,22
6322 CROMBIE ST,PITTSBURGH,PA,15217,24
5559 RALEIGH ST,PITTSBURGH,PA,15217,23
5627 HOBART STREET,PITTSBURGH,PA,15217,29
6655 RIDGEVILLE ST,PITTSBURGH,PA,15217,23
28 UNGER LANE,PITTSBURGH,PA,15217,36
6626 NORTHUMBERLAND ST,PITTSBURGH,PA,15217,23
600 S DALLAS AVENUE,PITTSBURGH,PA,15217,24
1040 S NEGLEY AVE,PITTSBURGH,PA,15217,22
1158 S NEGLEY AVE,PITTSBURGH,PA,15217,22
5899 BARTLETT STREET,PITTSBURGH,PA,15217,28
5903 PHILLIPS AVENUE,PITTSBURGH,PA,15217,23
6309 DARLINGTON ROAD,PITTSBURGH,PA,15217,24
2613 TILBURY AVE,PITTSBURGH,PA,15217,30
5526 FORBES AVE,PITTSBURGH,PA,15217,32
1505 SHADY AVE,PITTSBURGH,PA,15217,22
6660 WILKINS AVE,PITTSBURGH,PA,15217,22
5601 WILKINS AVE,PITTSBURGH,PA,15217,22
1023 MURRAY HILL AVE,PITTSBURGH,PA,15217,29
2130 WIGHTMAN STREET,PITTSBURGH,PA,15217,28
6368 FORWARD AVE,PITTSBURGH,PA,15217,24
5623 PHILLIPS AVE,PITTSBURGH,PA,15217,28
5619 HOBART ST,PITTSBURGH,PA,15217,29
3611 BEECHWOOD BLVD,PITTSBURGH,PA,15217,22
5854 ALDERSON ST,PITTSBURGH,PA,15217,39
5512 WILKINS AVE,PITTSBURGH,PA,15217,22
602 SOUTH DALLAS AVE,PITTSBURGH,PA,15217,26
4311 GLEN LYTLE RD,PITTSBURGH,PA,15217,37
5256 FORBES AVE,PITTSBURGH,PA,15217,32
5740 WILKINS AVENUE,PITTSBURGH,PA,15217,23
5724B SOLWAY ST,PITTSBURGH,PA,15217,24
5817 NICHOLSON ST,PITTSBURGH,PA,15217,22
5891 DARLINGTON ROAD,PITTSBURGH,PA,15217,28
1600 DENNISTON AVENUE,PITTSBURGH,PA,15217,26
5828 BEACON AVE,PITTSBURGH,PA,15217,24
4118 MURRAY AVE,PITTSBURGH,PA,15217,33
2322 HAWTHORNE AVE,SWISSVALE,PA,15218,42
160 RACE ST 1ST FL,PITTSBURGH,PA,15218,31
113 PENNWOOD AVE,PITTSBURGH,PA,15218,32
113 PENNWOOD AVE,PITTSBURGH,PA,15218,31
1707 TONETTE ST,PITTSBURGH,PA,15218,33
111 MAPLE AVE,PITTSBURGH,PA,15218,28
2623 DALGATE PLACE,PITTSBURGH,PA,15218,41
1230 EAST END AVE,PITTSBURGH,PA,15218,41
1311 S BRADOCK AVE,PITTSBURGH,PA,15218,25
1001 MILTON ST,PITTSBURGH,PA,15218,23
7932 EDGEWOOD AVE,PITTSBURGH,PA,15218,38
160 W HUTCHINSON AVE,PITTSBURGH,PA,15218,28
7027 BLACKHAWK ST,PITTSBURGH,PA,15218,28
1011 S BRADDOCK AVE,PITTSBURGH,PA,15218,35
1220 S BRADDOCK AVE,PITTSBURGH,PA,15218,24
1007 MACON AVE,PITTSBURGH,PA,15218,23
1625 NEVADA ST,PITTSBURGH,PA,15218,30
1505 WALNUT ST,PITTSBURGH,PA,15218,33
1505 WALNUT ST,PITTSBURGH,PA,15218,35
451 MAPLE AVENUE,PITTSBURGH,PA,15218,22
950 MILTON ST,PITTSBURGH,PA,15218,31
7816 SAILOR PLACE,PITTSBURGH,PA,15218,44
111 MAPLE AVE,PITTSBURGH,PA,15218,29
567 GREENDALE AVE,PITTSBURGH,PA,15218,29
736 BRYNMAWR RD,PITTSBURGH,PA,15219,19
736 BRYN MAWR ROAD,PITTSBURGH,PA,15219,18
469 30TH ST,PITTSBURGH,PA,15219,40
1031 HERRON AVENUE,PITTSBURGH,PA,15219,48
3033 WIGGINS STREET,PITTSBURGH,PA,15219,31
537 CRAWFORD ST,PITTSBURGH,PA,15219,30
1048 STEUBEN STREET,PITTSBURGH,PA,15220,23
920 MARENA ST,PITTSBURGH,PA,15220,22
181 ORCHARD SPRING RD,PITTSBURGH,PA,15220,37
635 HESTOR DR,PITTSBURGH,PA,15220,30
527 OAKLYNN CT,PITTSBURGH,PA,15220,28
527 OAKLYNN CT,PITTSBURGH,PA,15220,24
305 AVENUE A,PITTSBURGH,PA,15221,40
1431 CRESSON ST,PITTSBURGH,PA,15221,26
411 WHITNEY AVE,PITTSBURGH,PA,15221,23
202 C REBECCA AVENUE,PITTSBURGH,PA,15221,45
202 C REBECCA AVENUE,PITTSBURGH,PA,15221,46
1915 PENN AVE,PITTSBURGH,PA,15221,53
1915 PENN AVE,WILKINSBURG,PA,15221,67
517 HALSEY AVE,PITTSBURGH,PA,15221,31
101 FOREST GLEN DR,PITTSBURGH,PA,15221,17
303 BARNES ST,PITTSBURGH,PA,15221,36
429 SOUTH TRENTON AVE,PITTSBURGH,PA,15221,37
1136 SOUTH AVE,PITTSBURGH,PA,15221,46
973 WILKINS AVE,PITTSBURGH,PA,15221,20
529 S BRADDOCK STREET,PITTSBURGH,PA,15221,36
711 SINGER PLACE,PITTSBURGH,PA,15221,44
708 MIFFLIN AVE,PITTSBURGH,PA,15221,29
1203 HILL AVENUE,WILKINSBURG,PA,15221,29
448 FRANKLIN AVE,PITTSBURGH,PA,15221,36
514 MCNAIR AVENUE,WILKINSBURG,PA,15221,34
2018 MCNARY BLVD,PITTSBURGH,PA,15221,50
539 MIFFLIN AVE,PITTSBURGH,PA,15221,34
200 MARION AVE,PITTSBURGH,PA,15221,28
415 BARNS ST,PITTSBURGH,PA,15221,26
415 BARNES STREET,PITTSBURGH,PA,15221,28
210 FRANKLIN AVE,PITTSBURGH,PA,15221,34
415 WEST STREET,PITTSBURGH,PA,15221,25
939 S TRENTON AVE,PITTSBURGH,PA,15221,31
923 SAVANNAH AVE,PITTSBURGH,PA,15221,29
923 SAVANNAH AVENUE,PITTSBURGH,PA,15221,33
102 EAST END AVE,PITTSBURGH,PA,15221,36
560 EAST END AVE,PITTSBURGH,PA,15221,38
424 LAMAR AVE,PITTSBURGH,PA,15221,30
432 REBECCA AVE,PITTSBURGH,PA,15221,26
1137 WALNUT ST,PITTSBURGH,PA,15221,23
1002 WALLACE AVE,WILKINSBURG,PA,15221,36
810 REBECCA AVE,PITTSBURGH,PA,15221,33
735 WALLACE AVE,WILKINSBURG,PA,15221,41
1718 PAUL CT,PITTSBURGH,PA,15221,27
422 E END AVE,PITTSBURGH,PA,15221,23
562 EAST END AVE,PITTSBURGH,PA,15221,31
608 WHITNEY AVE,PITTSBURGH,PA,15221,23
2031 CHALFANT STREET,PITTSBURGH,PA,15221,18
302 BARNES STREET,PITTSBURGH,PA,15221,34
511 JEANETTE STREET,PITTSBURGH,PA,15221,42
511 JEANETTE STREET,PITTSBURGH,PA,15221,36
509 COAL STREET,PITTSBURGH,PA,15221,33
447 ROSEDALE AVENUE,PITTSBURGH,PA,15221,21
1425 FRANKLIN AVE,PITTSBURGH,PA,15221,30
202 UNION ST,PITTSBURGH,PA,15221,32
520 NORTH AVENUE,PITTSBURGH,PA,15221,47
2021 W KENDON DR,PITTSBURGH,PA,15221,40
511 JEANETTE STREET,WILKINSBURG,PA,15221,35
7239 BEACON HILL DR,PITTSBURGH,PA,15221,29
708 MIFFLIN AVE,PITTSBURGH,PA,15221,29
203 UNION STREET,PITTSBURGH,PA,15221,49
112 AVENUE L,PITTSBURGH,PA,15221,27
160 FAIRFAX ROAD,PITTSBURGH,PA,15221,33
429 SOUTH TRENTON AVE,PITTSBURGH,PA,15221,37
2181 VILLAGE DRIVE,PITTSBURGH,PA,15221,28
709 LAMAR AVENUE,PITTSBURGH,PA,15221,31
215 E END AVE,PITTSBURGH,PA,15221,25
442 S TRENTON AVE,PITTSBURGH,PA,15221,27
820 MIFFLIN AVE,PITTSBURGH,PA,15221,31
432 REBECCA AVE,PITTSBURGH,PA,15221,26
618 WHITNEY AVE,PITTSBURGH,PA,15221,26
417 REBECCA AVE,WILKINSBURG,PA,15221,32
101 FOREST GLEN DR,PITTSBURGH,PA,15221,18
917 S BRADDOCK AVE,PITTSBURGH,PA,15221,35
415 WEST STREET,PITTSBURGH,PA,15221,26
404 CENTER STREET,PITTSBURGH,PA,15221,32
123FAIRFAX ROAD,PITTSBURGH,PA,15221,29
943 BRADDOCK ROAD,PITTSBURGH,PA,15221,32
400 WHITNEY AVE,PITTSBURGH,PA,15221,30
7735 CROMWELL ST,PITTSBURGH,PA,15221,27
514 MCNAIR AVENUE,WILKINSBURG,PA,15221,34
582 EAST END AVE,PITTSBURGH,PA,15221,32
430 ELLA STREET,PITTSBURGH,PA,15221,34
1100 LIBERTY AVE,PITTSBURGH,PA,15222,28
915 PENN AVE,PITTSBURGH,PA,15222,24
111 5 TH AVE,PITTSBURGH,PA,15222,25
800 ROSEMONT AVE,PITTSBURGH,PA,15223,27
5133 DEARBORN STREET,PITTSBURGH,PA,15224,33
5005 DEARBORN STREET,PITTSBURGH,PA,15224,20
232 S ATLANTIC AVE,PITTSBURGH,PA,15224,26
5002 SCHENLEY AVENUE,PITTSBURGH,PA,15224,33
317 S PACIFIC AVE,PITTSBURGH,PA,15224,22
333 S PACIFIC,PITTSBURGH,PA,15224,47
212 S WINEDIDDLE ST,PITTSBURGH,PA,15224,34
355 S PACIFIC AVE,PITTSBURGH,PA,15224,20
354 S ATLANTIC AVE,PITTSBURGH,PA,15224,43
412 S WINEBIDDLE ST,PITTSBURGH,PA,15224,31
5149 WOODWORTH ST,PITTSBURGH,PA,15224,35
211 S MILLVALE AVE,PITTSBURGH,PA,15224,28
364 S EVALINE ST,PITTSBURGH,PA,15224,28
208 S WINEBIDDLE STREET,PITTSBURGH,PA,15224,45
3922 PENN AVENUE,PITTSBURGH,PA,15224,27
5360 MOSSFIELD ST,PITTSBURGH,PA,15224,34
4901 FRIENDSHIP AVE,PITTSBURGH,PA,15224,28
4901 FRIENDSHIP AVE,PITTSBURGH,PA,15224,30
354 S ATLANTIC AVE,PITTSBURGH,PA,15224,44
415 ELLA STREET,PITTSBURGH,PA,15224,24
232 S ATLANTIC AVE,PITTSBURGH,PA,15224,27
359 S ATLANTIC AVE,PITTSBURGH,PA,15224,50
5106 HARRIET ST,PITTSBURGH,PA,15224,30
335 S EVALINE STREET,PITTSBURGH,PA,15224,33
635 SOUTHCREST DR,PITTSBURGH,PA,15226,35
1585 GREENCREST DR,PITTSBURGH,PA,15226,30
2324 BIRTLEY AVE,PITTSBURGH,PA,15226,22
5126 JANIE DRIVE,PITTSBURGH,PA,15227,34
3014 VERNON AVENUE,PITTSBURGH,PA,15227,41
3014 VERNON AVE,PITTSBURGH,PA,15227,34
1267 PROSPECT RD,PITTSBURGH,PA,15227,26
1620 PARKLINE DRIVE,PITTSBURGH,PA,15227,23
1319 VARNER RD,PITTSBURGH,PA,15227,28
3807 LOUISA DR,PITTSBURGH,PA,15227,41
ONE CEDAR BLVD,PITTSBURGH,PA,15228,27
1395 TERRACE DR,PITTSBURGH,PA,15228,20
728 ROSELAWN AVE,PITTSBURGH,PA,15228,27
904 FLORIDA AVENUE,PITTSBURGH,PA,15228,18
126 ATLANTA PLACE,MOUNT LEBANON,PA,15228,44
247 BAYWOOD AVENUE,PITTSBURGH,PA,15228,51
48 FLORENCE PL,PITTSBURGH,PA,15228,21
190 WOODHAVEN DRIVE,PITTSBURGH,PA,15228,55
190 WOODHAVEN DRIVE,PITTSBURGH,PA,15228,54
1424 NAVAHOE DR,PITTSBURGH,PA,15228,32
323 SLEEPY HOLLOW RD,PITTSBURGH,PA,15228,31
364 ORCHARD DR,PITTSBURGH,PA,15228,32
812 WASHINGTON DR,PITTSBURGH,PA,15229,31
541 PERRY HWY,PITTSBURGH,PA,15229,22
3 OAKLEY AVENUE,PITTSBURGH,PA,15229,29
272 PRINCETON AVE,PITTSBURGH,PA,15229,27
416 COLUMBIA AVE,PITTSBURGH,PA,15229,36
1715 CENTER AVE,PITTSBURGH,PA,15229,36
207 PERRY HGWY,PITTSBURGH,PA,15229,42
747 WASHINGTON DR,PITTSBURGH,PA,15229,33
5125 MARGRET MORRISON,PITTSBURGH,PA,15230,22
588 S AIKEN AVENUE,PITTSBURGH,PA,15232,34
710 FILBERT STREET,PITTSBURGH,PA,15232,33
343 STRATFORD AVENUE,PITTSBURGH,PA,15232,25
343 STRATFORD AVENUE,PITTSBURGH,PA,15232,29
5213 5TH AVE,PITTSBURGH,PA,15232,20
356 SOUTH GRAHAM STREET,PITTSBURGH,PA,15232,33
5727 ELWOOD ST,PITTSBURGH,PA,15232,39
615 IVY STREET,PITTSBURGH,PA,15232,21
5929 ALDER STREET,PITTSBURGH,PA,15232,27
5020 CASTLEMAN STREET,PITTSBURGH,PA,15232,48
5800 WALNUT ST,PITTSBURGH,PA,15232,32
1255 SHADY AVENUE,PITTSBURGH,PA,15232,28
6229 5TH AVENUE,PITTSBURGH,PA,15232,24
328 S FAIRMONT ST,PITTSBURGH,PA,15232,29
585 S NEGLEY AVE,PITTSBURGH,PA,15232,25
5915 ELWOOD ST,PITTSBURGH,PA,15232,28
5614 WALNUT ST,PITTSBURGH,PA,15232,23
626 MARYLAND AVE,PITTSBURGH,PA,15232,30
401 AMBERSON AVE,PITTSBURGH,PA,15232,26
704 SOUTH NEGLEY AVE,PITTSBURGH,PA,15232,27
704 SOUTH NEGLEY AVE,PITTSBURGH,PA,15232,26
355 S NEGLEY AVE,PITTSBURGH,PA,15232,25
5812 5TH AVENUE,PITTSBURGH,PA,15232,23
245 LEHIGH AVENUE,PITTSBURGH,PA,15232,30
717 SUMMERLEA ST,PITTSBURGH,PA,15232,25
717 SUMMERLEA STREET,PITTSBURGH,PA,15232,31
439 SOUTH AIKEN AVE,PITTSBURGH,PA,15232,34
640 MARYLAND AVENUE,PITTSBURGH,PA,15232,34
6201 FIFTH AVENUE,PITTSBURGH,PA,15232,28
710 FILBERT STREET,PITTSBURGH,PA,15232,33
5501 CENTRE AVE,PITTSBURGH,PA,15232,24
633 SUMMERLEA ST,PITTSBURGH,PA,15232,23
923 SOUTH AIKEN AVE,PITTSBURGH,PA,15232,34
336 LEHIGH AVE,PITTSBURGH,PA,15232,22
802 MARYLAND AVE,PITTSBURGH,PA,15232,40
619 BELLEFONTE ST,PITTSBURGH,PA,15232,56
350 S GRAHAM ST,PITTSBURGH,PA,15232,25
350 S.GRAHAM STREET,PITTSBURGH,PA,15232,25
401 AMBERSEN AVE,PITTSBURGH,PA,15232,33
5826 FIFTH AVE,PITTSBURGH,PA,15232,29
401 AMBERSON AVENUE,PITTSBURGH,PA,15232,34
328 S AIKENAVE,PITTSBURGH,PA,15232,33
704 SOUTH NEGLEY AVE,PITTSBURGH,PA,15232,28
704 SOUTH NEGLEY AVE,PITTSBURGH,PA,15232,26
716 MARYLAND AVE,PITTSBURGH,PA,15232,23
5529 CLAYBOURNE ST,PITTSBURGH,PA,15232,31
5400 ELLSWORTH AVE,PITTSBURGH,PA,15232,23
318 LEHIGH AVENUE,PITTSBURGH,PA,15232,24
5734 HOWE ST,PITTSBURGH,PA,15232,26
5945 FIFTH AVE,PITTSBURGH,PA,15232,23
1082 SHADY AVENUE,PITTSBURGH,PA,15232,27
5812 5TH AVE,PITTSBURGH,PA,15232,33
733 MARYLAND AVE,PITTSBURGH,PA,15232,28
5932 HOWE ST,PITTSBURGH,PA,15232,33
5533 ELLSWORTH AVE,PITTSBURGH,PA,15232,32
5803 5TH AVENUE,PITTSBURGH,PA,15232,27
5723 HOWE ST,PITTSBURGH,PA,15232,23
1084 SHADY AVE,PITTSBURGH,PA,15232,28
700 IVY STREET,PITTSBURGH,PA,15232,30
705 IVY STREET,PITTSBURGH,PA,15232,31
459 S AIKEN AVE,PITTSBURGH,PA,15232,34
810 S NEGLEY AVE,PITTSBURGH,PA,15232,23
439 S AIKEN AVE,PITTSBURGH,PA,15232,27
341 SOUTH GRAHAM ST,PITTSBURGH,PA,15232,36
1214 W NORTH AVE,PITTSBURGH,PA,15233,54
919 BEECH AVENUE,PITTSBURGH,PA,15233,29
919 BEECH AVE,PITTSBURGH,PA,15233,35
831 WESTERN AVE,PITTSBURGH,PA,15233,33
508 KNOLL STREET,PITTSBURGH,PA,15233,33
352 FIELDING DRIVE,PITTSBURGH,PA,15235,23
11321 AZALEA DRIVE,PITTSBURGH,PA,15235,19
111 ST CROIX,PITTSBURGH,PA,15235,65
1074 OLDGATE RD,PITTSBURGH,PA,15235,26
129 MARSHALL DR,PITTSBURGH,PA,15235,33
129 MARSHALL DR,PITTSBURGH,PA,15235,33
331 LIME OAK DR,PITTSBURGH,PA,15235,36
1074 OLD GATE ROAD,PITTSBURGH,PA,15235,53
1074 OLD GATE RD,PITTSBURGH,PA,15235,54
1074 OLD GATE RD,PITTSBURGH,PA,15235,24
1735 JAMESTOWN PLACE,PITTSBURGH,PA,15235,19
1639 GEORGETOWN PL,PITTSBURGH,PA,15235,17
1647 GEORGETOWN PL,PITTSBURGH,PA,15235,18
1720 WILLIAMSBURG PL,PITTSBURGH,PA,15235,19
429 IDLEWOOD RD,PITTSBURGH,PA,15235,30
130 GLENFIELD DR,PITTSBURGH,PA,15235,21
130 GLENFIELD DRIVE,PITTSBURGH,PA,15235,23
11227 FRANKSTOWN RD,PITTSBURGH,PA,15235,31
7314 LEMINGTON AVE,PITTSBURGH,PA,15235,51
3818 BURNABY DRIVE,PITTSBURGH,PA,15235,24
832 VERONICA DR,PITTSBURGH,PA,15235,21
525 JEFFERSON RD,PITTSBURGH,PA,15235,24
409 MAPLEVALE DR,PITTSBURGH,PA,15236,23
106 BEEDLE CIRCLE,PITTSBURGH,PA,15236,24
4740 SHERWOOD DRIVE,PITTSBURGH,PA,15236,26
1971 STREETS RUN ROAD,PITTSBURGH,PA,15236,29
409 MAPLEVALE DR,PITTSBURGH,PA,15236,23
541 BLOSSOM DR,PITTSBURGH,PA,15236,27
334 MT NEBO RD,PITTSBURGH,PA,15237,26
3380 EVERGREEN ROAD,PITTSBURGH,PA,15237,27
159 HILANDS PLACE,PITTSBURGH,PA,15237,31
217 TALLY DRIVE,PITTSBURGH,PA,15237,31
1345 WALNUT ST,PITTSBURGH,PA,15237,22
223 CRESTMONT RD,PITTSBURGH,PA,15237,34
1040 WEST INGOMAR,PITTSBURGH,PA,15237,48
609 CALAIS DR,PITTSBURGH,PA,15237,25
807 BEAR RUN DR,PITTSBURGH,PA,15237,28
107 WALLY DR,PITTSBURGH,PA,15237,30
9343 NTH FLORENCE RD,PITTSBURGH,PA,15237,23
1113 ROOSEVELT RD,PITTSBURGH,PA,15237,32
1528 SANDHURST DR,PITTSBURGH,PA,15237,28
299 SUNSET PL,PITTSBURGH,PA,15237,26
121 WALNUT RIDGE ROAD,PITTSBURGH,PA,15238,23
109 HODIL TERR,PITTSBURGH,PA,15238,24
934 FIELD CLUB RD,PITTSBURGH,PA,15238,25
1712 FOX CHAPEL RD,PITTSBURGH,PA,15238,26
612 DORSEYVILLE ROAD,PITTSBURGH,PA,15238,47
121 WALNUT RIDGE ROAD,PITTSBURGH,PA,15238,23
129 TETON DR,PITTSBURGH,PA,15239,24
576 NEW TEXAS ROAD,PITTSBURGH,PA,15239,41
21-G MURRAY COURT,PITTSBURGH,PA,15239,30
1802 ROBSON DRIVE,PITTSBURGH,PA,15241,24
1243 MORROW RD,PITTSBURGH,PA,15241,44
1243 MORROW RD,PITTSBURGH,PA,15241,42
1811 WOODLANDS CIRCLE,PITTSBURGH,PA,15241,28
1238 FIRWOOD DR,PITTSBURGH,PA,15243,20
440 LONGRIDGE DR,PITTSBURGH,PA,15243,20
1238 LAKEMONT DR,PITTSBURGH,PA,15243,20
824 FLINTRIDGE RD,PITTSBURGH,PA,15243,30
185 ELATAN DR,PITTSBURGH,PA,15243,24
538 ESTHER AVE,PITTSBURGH,PA,15268,37
2101 THE CIRCLE,WASHINGTON,PA,15301,30
172 MALONE RIDGE RD,WASHINGTON,PA,15301,22
93 MCBRIDE ROAD,CANONSBURG,PA,15317,23
560 TAYLOR DR,MCMURRAY,PA,15317,46
105 MAID MARION LANE,MCMURRAY,PA,15317,22
143 ELM GROVE DR,MCMURRAY,PA,15317,26
280 LINDEN ROAD,CANONSBURG,PA,15317,26
PO BOX 325,CECIL,PA,15321,22
PO BOX 622 535 4TH ST,MARIANNA,PA,15345,32
304 ABBEY BROOK LANE,VENETIA,PA,15367,26
106 PARK STREET,BROWNSVILLE,PA,15417,26
1010 HIGH ST,BROWNSVILLE,PA,15417,25
711 WASHINGTON AVE,WBROWNSVILLE,PA,15417,24
975 SHADY LANE,SOMERSET,PA,15501,23
1330 TULLS HILL ROAD,BEDFORD,PA,15522,24
R D 6 BOX 218,BEDFORD,PA,15522,25
374 RIGGS ROAD,FRIEDENS,PA,15541,24
374 RIGGS ROAD,FRIEDENS,PA,15541,24
1352 DENTON STREET,GREENSBURG,PA,15601,25
72 BARRY COURT,GREENSBURG,PA,15601,22
3016 MCCLELLAN DR,GREENSBURG,PA,15601,26
239 BONITA DR,GREENSBURG,PA,15601,23
600 EDGEWOOD DRIVE,APOLLO,PA,15613,26
1424 BEAMER LANE,APOLLO,PA,15613,36
RD 1BOX 51,CHAMPION,PA,15622,26
PO BOX 181,CHAMPION,PA,15622,28
5599 FIELDSTREAM DR,EXPORT,PA,15632,22
807 NIAGARA DR,NORTH HUNTINGDON,PA,15642,26
9991 BUCHINGHAM PLACE,NORTH HUNTINGDON,PA,15642,29
807 NIAGARA DR,NORTH HUNTINGDON,PA,15642,55
807 NIAGARA DR,NORTH HUNTINGDON,PA,15642,58
9991 BUCHINGHAM PLACE,NORTH HUNTINGDON,PA,15642,31
14288 PALM STREET,NORTH HUNTINGDON,PA,15642,48
231 SOUTH CHURCH ST,MOUNT PLEASANT,PA,15666,25
3210 FOREST LANE,MURRYSVILLE,PA,15668,22
4531 STONECROFT DR,MURRYSVILLE,PA,15668,24
4000 MAYFLOWER COURT,MURRYSVILLE,PA,15668,19
3210 FOREST LANE,MURRYSVILLE,PA,15668,22
4522 STONECROFT DR,MURRYSVILLE,PA,15668,37
401 N MAIN ST,NEW STANTON,PA,15672,40
203 MARKET ST,SCOTTDALE,PA,15683,59
14 S BROADWAY,SCOTTDALE,PA,15683,31
212 BRYANT STREET,VANDERGRIFT,PA,15690,24
7036 RT 286 HWY W,INDIANA,PA,15701,28
418 PATERSON AVE,DU BOIS,PA,15801,24
12 1/2 EAST WEBER AVE,DUBOIS,PA,15801,27
418 PATERSON AVE,DUBOIS,PA,15801,24
104 LEMONT DR,BUTLER,PA,16001,30
142 AUTUMN DR,BUTLER,PA,16001,24
124 WINTERWOOD DR,BUTLER,PA,16001,23
145 PAL-MAR DRIVE,BUTLER,PA,16001,32
561 THIRD STREET,BUTLER,PA,16001,21
201 HEINZ RD,BUTLER,PA,16001,23
701 N MAIN ST,BUTLER,PA,16001,23
207 CECELIA ST,BUTLER,PA,16001,24
113 BLACKTHORN DRIVE,BUTLER,PA,16002,26
209 CENTER DR,CHICORA,PA,16025,23
17 LOGAN AVE,LYNDORA,PA,16045,29
1119 MARS EVANS CITY RD,MARS,PA,16046,21
213 PRIMROSE DR,SARVER,PA,16055,29
213 PRIMROSE DR,SARVER,PA,16055,29
811 GLENDALE CT,CRANBERRY TWP,PA,16066,22
313 LA PORTE,CRANBERRY TWP,PA,16066,26
2705 CHELSEY CT,CRANBERRY TWP,PA,16066,25
18 SHENANGO RD,NEW CASTLE,PA,16105,23
430 E MEYER AVE,NEW CASTLE,PA,16105,29
227 LATONKA DR,MERCER,PA,16137,22
703 LIBERTY ST,CLARION,PA,16214,25
RD 1,DAYTON,PA,16222,37
517 MARKET ST,FREEPORT,PA,16229,21
583 FREEPORT ROAD,FREEPORT,PA,16229,24
308 RIDGEWOOD ROAD,SHIPPENVILLE,PA,16254,28
308 RIDGEWOOD ROAD,SHIPPENVILLE,PA,16254,29
202 W FIRST ST,OIL CITY,PA,16301,22
105 DOGWOOD DR,FRANKLIN,PA,16323,21
274 C LOOMIS,MEADVILLE,PA,16335,31
125 MILL ST,YOUNGSVILLE,PA,16371,25
17595 TERRIL RD,CAMBRIDGE SPG,PA,16403,21
1905 WEST 25TH ST,ERIE,PA,16502,23
1203 BELLEVIEW DR,ERIE,PA,16504,21
617 ROSLYN AVE,ERIE,PA,16505,22
107 BAY MIST DR,ERIE,PA,16505,22
5023 CLINTON ST,ERIE,PA,16509,25
5023 CLINTON ST,ERIE,PA,16509,26
3801 GREENLAWN AVE,ERIE,PA,16510,28
505 RIDGE AVE,ALTOONA,PA,16602,31
BLUE KNOB RESORT PO BOX 306,CLAYSBURG,PA,16625,22
443 HAZENSTAB DR,DUNCANSVILLE,PA,16635,24
704A ONEIDA STREET,HUNTINGDON,PA,16652,25
201 VAIRO BLVD,STATE COLLEGE,PA,16803,27
1018 ARMSTRONG ROAD,CARLISLE,PA,17013,22
809 VINE ST,MIDDLETOWN,PA,17057,23
55 E MEMORIAL BLVD,NEWMANSTOWN,PA,17073,20
5262 WYNNEWOOD ROAD,HARRISBURG,PA,17109,30
38 JUDY LN,HARRISBURG,PA,17112,21
335 JUNIPER DRIVE,ETTERS,PA,17319,24
510 HARTMAN AVE,HANOVER,PA,17331,23
820 CRAGMOOR ROAD,YORKHAVEN,PA,17370,28
440 CLOVERLEAF ROAD,YORK,PA,17402,28
2840 EXETER DR.NORTH,YORK,PA,17403,24
165 WEST MAIN ST,LEOLA,PA,17540,32
456 SCOTLAND RD,QUARRYVILLE,PA,17566,23
405 WHITEHALL RD,REINHOLDS,PA,17569,25
2606 CHESTNUT VALLEY DR,LANCASTER,PA,17601,24
419 LOCUST STREET,WILLIAMSPORT,PA,17701,23
94 KEPNER HILL RD,MUNCY,PA,17756,25
RD1 BOX 342,MILTON,PA,17847,30
28 RED HILL ROAD,MILTON,PA,17847,27
3150 NORTH APOLLO DR,BETHLEHEM,PA,18017,22
5111 ROSEWOOD DRIVE,CENTER VALLEY,PA,18034,24
1406 ROBERT ST,WHITEHALL,PA,18052,23
7481 VIOLET CIRCLE,MACUNGIE,PA,18062,23
23 N MAIN STREET,NAZARETH,PA,18064,22
619 BROAD ST,TATAMY,PA,18085,24
641 EAST ROCK ROAD,ALLENTOWN,PA,18103,21
2522 S CHURCH STREET,ALLENTOWN,PA,18103,22
641 EAST ROCK ROAD,ALLENTOWN,PA,18103,22
119 HOLGATE STREET,CHINCHILLA,PA,18410,24
510 CLARK ST,CLARKS SUMMIT,PA,18411,23
238 RIDGE ST,HONESDALE,PA,18431,22
RD 1 BOX 486,OLYPHANT,PA,18447,21
708 BEVERLY RD,MAPLEGLEN,PA,19002,22
1026 BARNSWALLOW LANE,HUNTINGDON VL,PA,19006,29
12 VINSMITH AVE,ASTON,PA,19014,21
7961 ARDMORE AVENUE,WYNDMOOR,PA,19038,24
27 EAST RIDGE CIRCLE,LANGHORNE,PA,19053,22
235 E 3RD ST,MEDIA,PA,19063,21
1725 LAWRENCE RD,HAVERTOWN,PA,19083,21
206 E GRAVERS LANE,PHILADELPHIA,PA,19118,53
206 E GRAVERS LANE,PHILADELPHIA,PA,19118,53
53 W UPSAL ST,PHILADELPHIA,PA,19119,21
2929 JOEY DRIVE,PHILADELPHIA,PA,19136,22
305 N. 65TH ST,PHILADELPHIA,PA,19139,45
1520 BAINBRIDGE ST,PHILADELPHIA,PA,19146,21
141 FENNERTON RD,PAOLI,PA,19301,24
23 WHITE OAK RD,LANDENBERG,PA,19350,23
9 FLINTSHIRE ROAD,MALVERN,PA,19355,23
1409 PLYMOUTH BLVD,NORRISTOWN,PA,19401,22
2017 BUCKMAN AVENUE,WYOMISSING,PA,19610,24
