LAST_NAME,FIRST_NAME,ADDRESS,ZIP
Williams,Polly,109 Washington Pl,15219
Davis,Kelly,1100 Liberty Ave,15222
Peterson,Jennifer,118 6th Street,15222
Sigler,Dan,119 9th Avenue,15222
Roberts,Louisa,133 Seventh St,15222
Dobbins,Joshua,2 Market Street,15222
Baker,Sally,211 Smithfield St,15222
Nelson,Joseph,241 Forbes Ave,15222
Welch,Karen,677 5th Ave,15219
Clark,Robert,309 Ross St,15219
Hampton,Frances,401 1st Ave,15219
Young,Mike,568 Penn Ave,15222
Reed,Rhonda,427 Grant St,15219
Smith,Emily,629 Stanwix St,15222
Wilson,Laura,559 Smithfield St,15222
Perry,Catherine,601 Forbes Ave,15219
Johnson,Tammy,615 Penn Ave,15222
Jenkins,Amy,701 Grant Street,15219
Riley,Jennifer,707 Smithfield St,15222
Kelly,Tabitha,900 Liberty Ave,15222
Miller,Matthew,923 French St,15222
Thompson,Samantha,Liberty Ave & 7th Ave,15222
Peters,Amanda,One PPG Place,15222
Franklin,John,One PPG Place,15222
Burns,Anthony,Two Gateway Center,15222
Smith,George,Two PPG Place,15222
Lawson,Todd,Wood St & 6th Ave,15222
