Size,Address,City,Zipcode
Small,2929 Saw Mill Run Blvd,Pittsburgh,15227
Small,987 Greentree Rd,Pittsburgh,15220
Small,643 Liberty Ave,Pittsburgh,15222
Small,429 Wood St,Pittsburgh,15222
Small,449 Railroad St,Bridgeville,15017
Small,10 W Prospect Ave,Pittsburgh,15205
Small,1 Bigelow Sq,Pittsburgh,15219
Small,6403 Brownsville Rd,Pittsburgh,15236
Small,11359 Perry Hwy,Wexford,15090
Small,740 W Ingomar Rd,Pittsburgh,15237
Small,5610 William Flynn Hwy,Gibsonia,15044
Small,5045 Bakerstown Rd,Gibsonia,15044
Small,333 Thompson Run Rd,Pittsburgh,15237
Small,2101 Freeport Rd,Natrona Heights,15065
Small,525 Perry Hwy,Pittsburgh,15229
Small,601 Penn Ave,Pittsburgh,15222
Small,423 James St,Turtle Creek,15145
Small,441 Limestone Dr,Bethel Park,15102
Small,105 Brownsville Rd,Pittsburgh,15210
Medium,320 Coal St,Pittsburgh,15221
Large,2008 Murray Ave,Pittsburgh,15217
Small,1710 Washington Rd,Pittsburgh,15241
Small,101 Rochester Rd,Pittsburgh,15229
Small,709 Swissvale Ave,Pittsburgh,15221
Small,113 Noble Ave,Pittsburgh,15205
Small,4779 Liberty Ave,Pittsburgh,15224
Small,1617 West St,Homestead,15120
Medium,1860 Centre Ave,Pittsburgh,15219
Small,2520 Bedford Ave,Pittsburgh,15219
Medium,242 Brownsville Rd,Pittsburgh,15210
Small,7000 Oxford Dr,Bethel Park,15102
Medium,1839 Murray Ave,Pittsburgh,15217
Medium,815 S Aiken Ave,Pittsburgh,15232
Small,3245 Brighton Rd,Pittsburgh,15212
Small,1901 5th Ave,Pittsburgh,15219
Small,298 Knoedler Rd,Pittsburgh,15236
Small,3041 Brereton St,Pittsburgh,15219
Medium,3936 Monroeville Blvd,Monroeville,15146
Small,2820 Universal Rd,Pittsburgh,15235
Small,401 W Commons,Pittsburgh,15212
Small,1 E Crafton Ave,Pittsburgh,15205
Medium,24 Braddock Ave,Braddock,15104
Medium,2316 Webster Ave,Pittsburgh,15219
Small,5148 Azalea Dr,Pittsburgh,15236
Small,2333 Beechwood Blvd,Pittsburgh,15217
Small,123 N Negley Ave,Pittsburgh,15206
Small,3299 Saw Mill Run Blvd,Pittsburgh,15227
Medium,1498 Center Ave,Pittsburgh,15229
Small,147 Delta Dr,Pittsburgh,15238
Small,1118 E Carson St,Pittsburgh,15203
Medium,2112 Penn Ave,Pittsburgh,15222
Medium,579 Carnival Dr,Pittsburgh,15239
Medium,7403 Washington Ave,Pittsburgh,15218
Small,4639 Clairton Blvd,Pittsburgh,15236
Small,1001 Freeport Rd,Cheswick,15024
Small,6500 Saltsburg Rd,Pittsburgh,15235
Small,108 Abbey Ln,Pittsburgh,15236
Small,800 Mckeesport Rd,Elizabeth,15037
Small,2316 Bailey Ave,Mckeesport,15132
Medium,7355 Frankstown Ave,Pittsburgh,15208
Medium,701 5th Ave,Coraopolis,15108
Medium,300 Munt Lbnon Blvd,Pittsburgh,15234
Medium,300 Munt Lbnon Blvd,Pittsburgh,15234
Medium,2 Allegheny Ctr,Pittsburgh,15212
Medium,2228 Wylie Ave,Pittsburgh,15219
Medium,1540 Beechview Ave,Pittsburgh,15216
Small,1155 Washington Pike,Bridgeville,15017
Small,2300 Brownsville Rd,Pittsburgh,15210
Medium,211 Parker St,Pittsburgh,15223
Large,5821 Library Rd,Bethel Park,15102
Small,375 Rodi Rd,Pittsburgh,15235
Large,726 Broadway Ave,Mc Kees Rocks,15136
Medium,1200 Evergreen Dr,Pittsburgh,15235
Small,4027 William Penn Hwy,Monroeville,15146
Medium,4605 Centre Ave,Pittsburgh,15213
Small,231 5th Ave,Mckeesport,15132
Small,300 S Pacific Ave,Pittsburgh,15224
Small,728 Monongahela Ave,Glassport,15045
Small,741 5th Ave,Pittsburgh,15219
Small,1119 Brownsville Rd,Pittsburgh,15210
Small,528 Brownsville Rd,Pittsburgh,15210
Small,1816 Brighton Rd,Pittsburgh,15212
Small,4647 Buttermilk Hollow Rd,West Mifflin,15122
Small,7340 Butler St,Pittsburgh,15206
Small,519 Arthur St,Pittsburgh,15219
Small,400 Semple St,Pittsburgh,15213
Small,602 Lillian St,Pittsburgh,15210
Small,2 George St,Mc Kees Rocks,15136
Medium,112 Scottsdale Dr,Coraopolis,15108
Small,2608 Brownsville Rd,Pittsburgh,15227
Small,1017 4th Ave,Coraopolis,15108
Medium,285 Northgate Dr,Warrendale,15086
Medium,7208 State Route 908,Tarentum,15084
Medium,311 Brownsville Rd,Pittsburgh,15210
Medium,318 Otillia St,Pittsburgh,15210
Medium,1742 Hathaway Ln,Pittsburgh,15241
Medium,1017 Chestnut St,Pittsburgh,15212
Medium,830 Clairton Blvd,Pittsburgh,15236
Small,1832 Graham Blvd,Pittsburgh,15235
Small,1150 Windmill Ln,Pittsburgh,15237
Small,1050 Brinton Rd,Pittsburgh,15221
Small,3402 Main St,Homestead,15120
Small,2421 Mcneilly Rd,Pittsburgh,15226
Small,2589 Boyce Plaza Rd,Pittsburgh,15241
Small,314 Scenery Dr,Elizabeth,15037
Small,1709 Sawmll Run Blvd,Pittsburgh,15210
Small,5603 Babcock Blvd,Pittsburgh,15237
Small,2526 Mnrvlle Blvd,Monroeville,15146
Small,Rr 286,Pittsburgh,15239
Small,226 Center Rd,Monroeville,15146
Small,3439 W Run Rd,Homestead,15120
Small,1001 Brookline Blvd,Pittsburgh,15226
Small,4071 Beechwood Blvd,Pittsburgh,15217
Small,2401 E Carson St,Pittsburgh,15203
Small,1501 N Canal St,Pittsburgh,15215
Small,1530 Potomac Ave,Pittsburgh,15216
Small,304 Virginia Ave,Mount Washington,15211
Small,2800 Brownsville Rd,Pittsburgh,15227
Small,2733 S Park Rd,Bethel Park,15102
Small,510 Station St,Bridgeville,15017
Small,2003 S Braddock Ave,Pittsburgh,15218
Small,1235 Muldowney Ave,Pittsburgh,15207
Medium,1117 Milltown Rd,Verona,15147
Medium,1710 Pacific Ave,Natrona Heights,15065
Medium,1111 Freeport Rd,Pittsburgh,15238
Small,400 Grand Ave,Pittsburgh,15225
Small,2018 Rockledge St,Pittsburgh,15212
Small,1017 4th Ave,Coraopolis,15108
Small,879 4th Ave,Coraopolis,15108
Small,204 Oliver Dr,Elizabeth,15037
Small,2411 Corteland Dr,Pittsburgh,15241
Small,3349 Liberty Ave,Pittsburgh,15201
Small,244 Provost Rd,Pittsburgh,15227
Small,2828 Broadway Blvd,Monroeville,15146
Small,1110 Dallas Ave,Natrona Heights,15065
Small,558 N Braddock Ave,Pittsburgh,15208
Small,154 E Bruceton Rd,Pittsburgh,15236
Small,929 Union Ave,Mckeesport,15132
Small,Rr 837,West Elizabeth,15088
Small,4260 Evergreen Rd,Pittsburgh,15214
Small,111 Redcliff Dr,Clairton,15025
Small,824 E Newsland Plz,East Pittsburgh,15112
Medium,1116 Bell Ave,Braddock,15104
Small,1 Carey Rd,Oakdale,15071
Small,8197 Mcknight Rd,Pittsburgh,15237
Small,5204 Interboro Ave,Pittsburgh,15207
Small,2837 Smallman St,Pittsburgh,15222
Medium,626 School St,West Mifflin,15122
Medium,164 Eileen Dr,Brentwood,15227
Small,1420 Centre Ave,Pittsburgh,15219
Small,4711 Liberty Ave,Pittsburgh,15224
Small,1408 Potomac Ave,Pittsburgh,15216
Medium,1327 Arch St,Pittsburgh,15212
Small,450 56th St,Pittsburgh,15201
Small,1748 Chislett St,Pittsburgh,15206
Small,2103 Noblestown Rd,Pittsburgh,15205
Small,800 E Warrington Ave,Pittsburgh,15210
Small,5931 Penn Ave,Pittsburgh,15206
Small,4290 Old William Penn Hwy,Monroeville,15146
Small,253 Edgewood Ave,Pittsburgh,15218
Medium,928 Chartiers Ave,Pittsburgh,15220
Small,1300 Brodhead Rd,Coraopolis,15108
Small,1614 Penn Ave,Pittsburgh,15221
Small,4371 Murray Ave,Pittsburgh,15217
Medium,44140 Clairton Blvd,Pittsburgh,15227
Small,3518 Brownsville Rd,Pittsburgh,15227
Small,1300 Brodhead Rd,Coraopolis,15108
Small,413 7th Ave,Pittsburgh,15219
Small,5945 Monongahela Ave,Bethel Park,15102
Small,3400 S Park Rd,Bethel Park,15102
Small,3222 Sacramento Ave,Pittsburgh,15204
Medium,623 Jones Ave,Braddock,15104
Small,1421 Sheffield St,Pittsburgh,15233
Large,815 5th Ave,Mckeesport,15132
Small,2547 Monroeville Blvd,Monroeville,15146
Small,10 River Ave,Natrona Heights,15065
Small,1601 Brighton Rd,Pittsburgh,15212
Large,4647 Buttermilk Hollow Rd,West Mifflin,15122
Large,4647 Buttermilk Hollow Rd,Homestead,15120
Small,419 Wood St,Pittsburgh,15222
Medium,529 4th St,Braddock,15104
Medium,1125 Locust St,Mckeesport,15132
Small,2619 Wexford Bayne Rd,Sewickley,15143
Small,437 Grant St,Pittsburgh,15219
Medium,799 Castle Shannon Blvd,Pittsburgh,15234
Medium,3639 California Ave,Pittsburgh,15212
Small,1927 Brownsville Rd,Pittsburgh,15210
Small,501 Monongahela Ave,Glassport,15045
Small,5718 Janet Dr,Pittsburgh,15236
Small,140 Towne Centre Dr,Wexford,15090
Small,1081 Freeport Rd,Pittsburgh,15238
Small,261 Kappa Dr,Pittsburgh,15238
Small,2811 Jacks Run Rd,White Oak,15131
Large,101 Kappa Dr,Pittsburgh,15238
Large,6511 Steubenville Pike,Pittsburgh,15205
Large,115 Towne Centre Dr,Wexford,15090
Large,420 Waterfront Dr E,Homestead,15120
Large,1000 Hayden Blvd,Elizabeth,15037
Large,300 Weyman Rd,Pittsburgh,15236
Large,6320 Shakespeare St,Pittsburgh,15206
Large,1081 Freeport Rd,Pittsburgh,15238
Large,5 Hot Metal St,Pittsburgh,15203
Large,3029 Washington Pike,Bridgeville,15017
Large,1701 Lincoln Hwy,North Versailles,15137
Large,1671 Butler Plank Rd,Glenshaw,15116
Large,3812 Oneil Blvd,Mckeesport,15132
Large,5990 University Blvd,Coraopolis,15108
Large,1901 Murray Ave,Pittsburgh,15217
Large,2920 Brownsville Rd,Pittsburgh,15227
Large,132 Ben Avon Heights Rd,Pittsburgh,15237
Large,254 Yost Blvd,Pittsburgh,15221
Large,2611 Freeport Rd,Pittsburgh,15238
Large,8050 Mcknight Rd,Pittsburgh,15237
Large,Baptist And Grove Rd,Pittsburgh,15234
Large,4110 Brighton Rd,Pittsburgh,15212
Large,1029 W View Park Dr,Pittsburgh,15229
Large,Pkwy Center Mall,Pittsburgh,15220
Large,4250 Murray Ave,Pittsburgh,15217
Large,1800 Mckees Rocks Rd,Mc Kees Rocks,15136
Large,5550 Centre Ave,Pittsburgh,15232
Large,9805 Mcknight Rd,Pittsburgh,15237
Large,1717 Cochran Rd,Pittsburgh,15220
Large,755 Beechnut Dr,Pittsburgh,15205
Large,Quaker Village Sc,Leetsdale,15056
Large,5055 Library Rd ,Bethel Park,15102
Large,7000 Oxford Dr,Bethel Park,15102
Large,4010 Monroeville Blvd,Monroeville,15146
Large,4680 Old William Penn Hwy,Monroeville,15146
Large,2021 Wharton Sq,Pittsburgh,15203
Large,Mcintyre Sq,Pittsburgh,15237
Large,Waterworks Plz,Pittsburgh,15238
Large,436 Lincoln Hwy,East Mc Keesport,15035
Large,6513 Steubenville Pike,Pittsburgh,15205
Large,4000 Monroeville Blvd,Monroeville,15146
Large,156 Ben Avon Heights Rd,Pittsburgh,15237
Large,430 Waterfront Dr E,Homestead,15120
Large,230 Rodi Rd,Pittsburgh,15235
Large,5281 Library Rd,Bethel Park,15102
Large,14 Fort Couch Rd,Pittsburgh,15241
Large,200 Allegheny River Blvd,Verona,15147
Large,231 Fifth Ave,Mckeesport,15132
Large,4924 Baum Blvd,Pittsburgh,15213
Large,2401 Ferguson Rd,Allison Park,15101
Large,1137 Washington Ave,Carnegie,15106
Large,3405 S Park Rd,Bethel Park,15102
Large,4000 Butler St,Pittsburgh,15201
Large,10525 Frankstown Rd,Pittsburgh,15235
Large,117 S 18th St,Pittsburgh,15203
Large,4685 Old William Penn Hwy,Monroeville,15146
Large,1001 Lebanon Rd,West Mifflin,15122
Large,801 Mount Royal Blvd,Pittsburgh,15223
Large,5603 Babcock Blvd,Pittsburgh,15237
Large,408 Penn Ave,Pittsburgh,15221
Large,9001 Frankstown Rd,Pittsburgh,15235
Large,800 Mckeesport Rd,Elizabeth,15037
Large,600 Towne Square Way,Pittsburgh,15227
Large,51 Walsh Rd,Pittsburgh,15205
Large,2001 Lincoln Way,White Oak,15131
Large,1025 Washington Pike,Bridgeville,15017
Large,1356 Hoffman Blvd,West Mifflin,15122
Large,1701 Lincoln Hwy,North Versailles,15137
Large,1705 S Braddock Ave,Pittsburgh,15218
Large,1029 W View Park Dr,Pittsburgh,15229
Large,8 Quaker Vlg Shpg Ctr,Leetsdale,15056
Large,701 Alpha Dr ,Pittsburgh,15238
Small,226 Highland Ave S,Oakdale,15071
Medium,132 S Highland Ave,Pittsburgh,15206
Large,5375 William Flynn Hwy,Gibsonia,15044
Small,902 Wood St,Pittsburgh,15221
Small,2227 Penn Ave,Pittsburgh,15222
Small,2733 Murray Ave,Pittsburgh,15217
Small,7261 Steubenville Pike,Oakdale,15071
Medium,5427 Wellesley Ave,Pittsburgh,15206
Small,1527 Lincoln Way,White Oak,15131
Small,225 5th Ave,Mckeesport,15132
Small,472 44th St,Pittsburgh,15201
Small,1114 Sommerset St,Mckeesport,15135
Small,11th St & Liberty Ave,Pittsburgh,15222
Small,3454 Bates St,Pittsburgh,15213
Small,436 Lincoln Hwy,East Mc Keesport,15035
Small,1137 Washington Ave,Carnegie,15106
Small,4685 Old William Penn Hwy,Monroeville,15146
Small,3349 Liberty Ave,Pittsburgh,15201
Small,4000 Butler St,Pittsburgh,15201
Small,117 S 18th St,Pittsburgh,15203
Small,4928 Baum Blvd,Pittsburgh,15213
Small,1155 Wash Pike,Bridgeville,15017
Medium,1239 Itin St,Pittsburgh,15212
Small,3955 Forbes Ave,Pittsburgh,15213
Small,137 Clever Rd,Mc Kees Rocks,15136
Small,1101 Brookline Blvd,Pittsburgh,15226
Small,998 Brodhead Rd,Coraopolis,15108
Small,7500 Grand Ave,Pittsburgh,15225
Small,1001 Western Ave,Pittsburgh,15233
Small,1400 Prospect Rd,Pittsburgh,15227
Small,2820 Main St,Pittsburgh,15235
Small,2362 Golden Mile Hwy,Pittsburgh,15239
Large,4548 Broadway Blvd,Monroeville,15146
Large,2100 Wash Pike,Carnegie,15106
Small,9001 Frankstown Rd,Pittsburgh,15235
Small,1306 Brookline Blvd,Pittsburgh,15226
Medium,3621 Brownsville Rd,Pittsburgh,15227
Medium,529 Clemson Dr,Pittsburgh,15243
Medium,1224 James St,Monroeville,15146
Small,105 Seminary Ave,Oakdale,15071
Small,285 Mount Lebanon Blvd,Pittsburgh,15234
Medium,4701 5th Ave,Pittsburgh,15213
Small,1004 Bellaire Ave,Pittsburgh,15226
Large,600 Market Place Dr,Oakdale,15071
Medium,1101 Powers Run Rd,Pittsburgh,15238
Small,4028 Monroeville Blvd,Monroeville,15146
Medium,8005 Presley Ct,Pittsburgh,15237
Small,1510 Park Manor Blvd,Pittsburgh,15205
Large,745 W Ingomar Rd,Ingomar,15127
Small,1 Foster Ave,Pittsburgh,15205
Medium,3759 Library Rd,Pittsburgh,15234
Small,6000 Noblestown Rd,Oakdale,15071
Small,537 E Ohio St,Pittsburgh,15212
Small,1980 Painters Run Rd,Pittsburgh,15241
Small,225 Ross St Lbby 1,Pittsburgh,15219
Small,650 Herron Ave,Pittsburgh,15219
Small,203 Whitaker St,Homestead,15120
Small,625 Grant Ave,Duquesne,15110
Small,2300 Versailles Inc,Mc Keesport,15132
Small,803 Lamont St,Mc Kees Rocks,15136
Small,421 Butler St,Pittsburgh,15223
Small,540 N Neville St,Pittsburgh,15213
Medium,417 Wall Ave,Pitcairn,15140
Medium,1105 Franklin Ave,Pittsburgh,15221
Medium,228 Lombard St,Pittsburgh,15219
Small,502 Broadway St,Pitcairn,15140
Small,937 Ohio Ave,Glassport,15045
Medium,1220 Love St,Pittsburgh,15218
Medium,4341 Old William Penn Hwy,Monroeville,15146
Small,4900 Penn Ave,Pittsburgh,15224
Medium,2546 Brandt School Rd,Wexford,15090
Small,5942 Steubenville Pike,Mc Kees Rocks,15136
Small,100 Clinton Ave,Oakdale,15071
Small,4223 Murray Ave,Pittsburgh,15217
Medium,1808 Penn Ave,Pittsburgh,15222
Large,350 Curry Hollow Rd,Pittsburgh,15236
Small,3103 Banksville Rd,Pittsburgh,15216
Small,114 E Mall Plz,Carnegie,15106
Small,1043 Sarvis Dr,Bethel Park,15102
Small,2928 Sheraden Blvd,Pittsburgh,15204
Small,212 10th St,Pittsburgh,15222
Small,4625 5th Ave,Pittsburgh,15213
Medium,511 Larimer Ave,Pittsburgh,15206
Medium,1407 Lincoln Ave,Pittsburgh,15206
Small,1377 Great Oak Dr,Pittsburgh,15220
Small,700 Brookline Blvd,Pittsburgh,15226
Small,5821 Library Rd,Bethel Park,15102
Medium,505 Cherryhill Dr,Bridgeville,15017
Large,450 56th St,Pittsburgh,15201
Small,1727 Penn Ave,Pittsburgh,15222
Small,121 Oakland Ave,Pittsburgh,15213
Small,141 N Fremont Ave,Pittsburgh,15202
Small,4039 Monroeville Blvd,Monroeville,15146
Small,121 Hulton Rd,Verona,15147
Small,605 Freeport Rd,Sharpsburg,15215
Medium,5482 Penn Ave,Pittsburgh,15206
Small,2814 Liberty Way,Mckeesport,15133
Small,2418 Jenny Lind St,Mckeesport,15132
Small,910 Galveston Ave,Pittsburgh,15233
Small,267 Republic St,Pittsburgh,15211
Medium,4401 Liberty Ave,Pittsburgh,15224
Small,244 Provost Rd,Pittsburgh,15227
Small,11566 Perry Hwy,Wexford,15090
Small,603 Braddock Ave,Braddock,15104
Small,5150 Butler St,Pittsburgh,15201
Small,650 Herron Ave,Pittsburgh,15219
Small,7920 Saltsburg Rd,Pittsburgh,15239
Small,2100 Noble St,Swissvale,15218
Small,2903 Brighton Rd,Pittsburgh,15212
Small,1205 Spring Run Road Ext,Coraopolis,15108
Small,4613 Centre Ave,Pittsburgh,15213
Small,1165 Mckinney Ln,Pittsburgh,15220
Small,10293 Perry Hwy,Wexford,15090
Medium,1705 S Braddock Ave,Pittsburgh,15218
Medium,2600 Golden Mile Hwy,Pittsburgh,15239
Medium,494 Graeme St,Pittsburgh,15222
Medium,108 August Dr,Coraopolis,15108
Medium,9234 Vantine St,Pittsburgh,15235
Medium,106 53rd St,Pittsburgh,15201
Medium,704 Lincoln Hwy,North Versailles,15137
Medium,1017 Valonia St,Pittsburgh,15220
Medium,219 Macassar Dr,Pittsburgh,15236
Medium,209 Bauman Ave,Pittsburgh,15227
Small,2024 Valleyview Ct,Bridgeville,15017
Small,3609 Forbes Ave,Pittsburgh,15213
Small,2 Market Sq,Pittsburgh,15222
Small,222 5th Ave,Pittsburgh,15222
Small,545 Marks Dr,Coraopolis,15108
Small,713 E 8th Ave,Homestead,15120
Small,195 N Craig St,Pittsburgh,15213
Small,4341 Old William Penn Hwy,Monroeville,15146
Small,500 Lincoln Hwy,North Versailles,15137
Medium,730 Broadway Ave,Mc Kees Rocks,15136
Small,3825 Saw Mill Run Blvd,Pittsburgh,15227
Small,4311 Northern Pike,Monroeville,15146
Medium,1100 Chartiers Ave,Mc Kees Rocks,15136
Small,580 Mcneilly Rd,Pittsburgh,15226
Medium,2021 E Carson St,Pittsburgh,15203
Medium,6 Marion St,Pittsburgh,15219
Small,1130 Perry Hwy,Pittsburgh,15237
Small,140 Millers Run Rd,Bridgeville,15017
Small,2020 Big Swckly Crk Rd,Sewickley,15143
Small,4902 Cypress St,Pittsburgh,15224
Small,3396 Milwaukee St,Pittsburgh,15219
Small,5416 Walnut St,Pittsburgh,15232
Small,1647 Broadhead St,Pittsburgh,15206
Small,2408 Reed St,Pittsburgh,15219
Small,507 Bessemer Ave,East Pittsburgh,15112
Small,1125 Arlington Ave,Pittsburgh,15203
Small,30 Hiland Valley Dr,Pittsburgh,15229
Small,3800 Walnut St,Mckeesport,15132
Small,2250 Lehigh St,Pittsburgh,15218
Small,2101 Perrysville Ave,Pittsburgh,15214
Small,122 N Highland Ave,Pittsburgh,15206
Small,2025 Greentree Rd,Pittsburgh,15220
Small,123 N Negley Ave,Pittsburgh,15206
Small,1168 Desiderio Blvd,Clairton,15025
Small,420 E Main St,Carnegie,15106
Small,5165 Butler St,Pittsburgh,15201
Medium,300 Helen St,Mc Kees Rocks,15136
Small,92 Sylvania Ave,Pittsburgh,15210
Small,1132 Brackenridge Ave,Brackenridge,15014
Small,305 Dana Ct,Gibsonia,15044
Small,3832 Penn Ave,Pittsburgh,15201
Small,1601 Lowrie St,Pittsburgh,15212
Small,3405 S Park Rd,Bethel Park,15102
Small,1356 Hoffman Blvd,West Mifflin,15122
Small,1620 Babcock Blvd,Pittsburgh,15209
Small,539 E Ohio St,Pittsburgh,15212
Small,2131 Ardmore Blvd,Pittsburgh,15221
Medium,5643 Hampton St,Pittsburgh,15206
Small,449 Atwood St,Pittsburgh,15213
Medium,4521 Centre Ave,Pittsburgh,15213
Small,210 6th Ave,Pittsburgh,15222
Small,4313 Walnut St,Mckeesport,15132
Small,1 Blvd Of The Allies,Pittsburgh,15222
Small,3601 Blvd Of The Allies,Pittsburgh,15213
Small,107 Walmart Dr,North Versailles,15137
Small,4768 Mcknight Rd,Pittsburgh,15237
Small,410 Scenery Dr,Elizabeth,15037
Small,2430 S 18th St,Pittsburgh,15203
Small,120 Jefferson Dr,Pittsburgh,15228
Small,1435 Potomac Ave,Pittsburgh,15216
Medium,5136 Penn Ave,Pittsburgh,15224
Small,617 Wood St,Pittsburgh,15221
Small,1400 Kenberma Ave,Pittsburgh,15216
Small,6738 Reynolds St,Pittsburgh,15206
Small,307 Hulton Rd,Verona,15147
Small,1151 Portland St,Pittsburgh,15206
Small,2100 Smallman St,Pittsburgh,15222
Small,399 Mcclellan Dr,Pittsburgh,15236
Small,7615 Saltsburg Rd,Pittsburgh,15239
Small,81 Sandune Dr,Pittsburgh,15239
Medium,200 Herron Ave,Cheswick,15024
Small,1510 Saxonburg Blvd,Tarentum,15084
Small,3449 Cedar Ridge Rd,Allison Park,15101
Small,5237 Thoms Run Rd,Presto,15142
Small,710 W 5th Ave,Mckeesport,15132
Small,525 Perry Hwy,Pittsburgh,15229
Small,1611 Freeport Rd,Natrona Heights,15065
Medium,537 Rochester Rd,Pittsburgh,15237
Medium,825 Beaver Grade Rd,Coraopolis,15108
Medium,3125 Banksville Rd,Pittsburgh,15216
Medium,661 Lincoln Ave,Bellevue,15202
Medium,1130 Highwood St,Pittsburgh,15212
Small,717 Liberty Ave,Pittsburgh,15222
Small,527 Newport Dr,Pittsburgh,15235
Medium,3303 Brighton Rd,Pittsburgh,15212
Medium,1901 5th Ave,Pittsburgh,15219
Small,400 Union Ave,Bellevue,15202
Small,3349 Liberty Ave,Pittsburgh,15201
Small,1051 Hamil Rd,Verona,15147
Small,401 Smithfield St,Pittsburgh,15222
Small,2101 Perrysville Ave,Pittsburgh,15214
Medium,256 S Highland Ave,Pittsburgh,15206
Small,200 Harrison Rd,Turtle Creek,15145
Small,1050 Broadview Blvd,Brackenridge,15014
Small,7051 Steubenville Pike,Oakdale,15071
Small,426 6th St,Glassport,15045
Small,1223 E Carson St,Pittsburgh,15203
Small,140 Clairton Blvd,Pittsburgh,15236
Small,3249 Washington Pike,Bridgeville,15017
Small,606 Snowball Rd,Monroeville,15146
Small,2031 Pennsylvania Ave,West Mifflin,15122
Small,2031 Penn Ave,Pittsburgh,15222
Small,3913 Greensburg Pike,Pittsburgh,15221
Small,5230 Library Rd,Bethel Park,15102
Small,1902 Grandview Ave,Mckeesport,15132
Small,800 E Warrington Ave,Pittsburgh,15210
Medium,1028 Penn Ave,Wilkinsburg,15221
Medium,623 Jones Ave,Braddock,15104
Small,632 Lindsay Rd,Carnegie,15106
Small,850 Boyce Rd,Bridgeville,15017
Small,700 Frederick St,Mc Kees Rocks,15136
Small,5990 University Blvd,Coraopolis,15108
Small,51 Walsh Rd,Pittsburgh,15205
Small,4075 Windgap Ave,Pittsburgh,15204
Medium,64 Forest Grove Rd,Coraopolis,15108
Small,200 Loews Dr,North Versailles,15137
Small,5878 Northumberland St,Pittsburgh,15217
Medium,558 N Braddock Ave,Pittsburgh,15208
Small,301 Craft Ave,Pittsburgh,15213
Small,2168 Centre Ave,Pittsburgh,15219
Medium,4915 2nd Ave,Pittsburgh,15207
Small,808 Main St,Pittsburgh,15215
Medium,2923 Penn Ave,Pittsburgh,15201
Small,4705 Centre Ave,Pittsburgh,15213
Small,4915 2nd Ave,Pittsburgh,15207
Small,1513 Lincoln Way,Glenshaw,15116
Medium,1712 5th Ave,Pittsburgh,15219
Small,925 Mellon St,Pittsburgh,15206
Large,450 56th St,Pittsburgh,15201
Large,355 Lincoln Hwy,North Versailles,15137
Large,1730 Pacific Ave,Natrona Heights,15065
Large,1 Duquesne Blvd,Duquesne,15110
Large,725 Ross Ave,Pittsburgh,15221
Small,900 Bryn Mawr Rd,Pittsburgh,15219
Small,24 Abele Rd,Bridgeville,15017
Medium,619 Forest Ave,Pittsburgh,15202
Medium,2001 Lincoln Way,White Oak,15131
Medium,510 Beaver St,Sewickley,15143
Small,70 E Crafton Ave,Pittsburgh,15205
Small,120 Wexford Bayne Rd,Wexford,15090
Small,Plummer St At 47th,Pittsburgh,15201
Small,8936 Frankstown Rd,Pittsburgh,15235
Medium,5414 Walnut St,Pittsburgh,15232
Medium,1008 Greentree Rd,Pittsburgh,15220
Small,3621 Brownsville Rd,Pittsburgh,15227
Small,12000 Perry Hwy,Wexford,15090
Small,251 Curry Hollow Rd,Pittsburgh,15236
Small,2175 Hulton Rd,Verona,15147
Small,2100 Mosside Blvd,Monroeville,15146
Small,5410 Campbells Run Rd,Pittsburgh,15205
Small,3954 William Penn Hwy,Monroeville,15146
Small,1000 Clairton Blvd,Pittsburgh,15236
Small,9002 University Blvd,Moon Township,15108
Small,899 Freeport Rd,Creighton,15030
Small,8607 Perry Hwy,Pittsburgh,15237
Small,627 Pittsburgh St,Springdale,15144
Small,2003 Golden Mile Hwy,Pittsburgh,15239
Small,5300 Route 8,Gibsonia,15044
Small,2016 Lebanon Rd,Pittsburgh,15122
Small,875 Greentree Rd,Pittsburgh,15220
Small,490 E North Ave,Pittsburgh,15212
Large,500 Pine Hollow Rd,Mc Kees Rocks,15136
Large,2381 Mountain View Dr,West Mifflin,15122
Large,917 Butler St,Pittsburgh,15223
Large,5001 Library Rd,Bethel Park,15102
Large,2103 Noblestown Rd,Pittsburgh,15205
Medium,1207 Colony West Dr,Coraopolis,15108
Small,300 Wall Ave,Wall,15148
Small,201 3rd Ave,Carnegie,15106
Large,3239 Washington Pike,Bridgeville,15017
Small,332 Oak Forest Dr,Pittsburgh,15216
Small,649 Old Clairton Rd,Pittsburgh,15236
Small,3646 Library Rd,Pittsburgh,15234
Small,5707 Pocusset St,Pittsburgh,15217
Small,3rd & Euclid,Dravosburg,15034
Medium,1782 N Highland Rd,Pittsburgh,15241
Medium,1809 Penn Ave,Pittsburgh,15222
Medium,111 Starr Rd,Russellton,15076
Small,4915 2nd Ave,Pittsburgh,15207
Medium,455 Colfax St,Springdale,15144
Small,962 Brodhead Rd,Coraopolis,15108
Small,1770 Pine Hollow Rd,Mc Kees Rocks,15136
Small,200 Monroeville Mall,Monroeville,15146
Small,4417 Butler St,Pittsburgh,15201
Small,102 Oxbridge Dr,Coraopolis,15108
Small,195 N Craig St,Pittsburgh,15213
Small,609 West Ct,Turtle Creek,15145
Small,5600 William Flynn Hwy,Gibsonia,15044
Small,1761 Pine Hollow Rd,Mc Kees Rocks,15136
Small,2601 S Braddock Ave,Pittsburgh,15218
Small,430 Kenmawr Ave,Braddock,15104
Small,8199 Mcknight Rd,Pittsburgh,15237
Small,2381 Mountain View Dr,West Mifflin,15122
Small,2131 Ardmore Blvd,Pittsburgh,15221
Medium,341 Ashton St,Pittsburgh,15207
Medium,2535 Perrysville Ave,Pittsburgh,15214
Medium,507 Bessemer Ave,East Pittsburgh,15112
Medium,1168 Desiderio Blvd,Clairton,15025
Small,2016 Monongahela Ave,Pittsburgh,15218
Small,2028 Noble St,Pittsburgh,15218
Small,1101 S Braddock Ave,Pittsburgh,15218
Medium,3197 Chartiers Ave,Pittsburgh,15204
Medium,3037 Blackridge Ave,Pittsburgh,15235
Small,4025 William Flynn Hwy,Allison Park,15101
Small,57 Lincoln St,Pittsburgh,15223
Small,995 Greensburg Pike,East Pittsburgh,15112
Small,908 Little Deer Creek Vly,Russellton,15076
Small,239 Spartz Dr,Clairton,15025
Small,107 Smithfield St,Pittsburgh,15222
Small,1663 Broadway Ave,Pittsburgh,15216
Small,5855 Ellsworth Ave,Pittsburgh,15232
Medium,330 Vine St,Homestead,15120
Large,6343 Penn Ave,Pittsburgh,15206
Small,209 Industry Rd,Buena Vista,15018
Medium,1233 Penn Ave,Pittsburgh,15222
Small,2568 E Brandt School Rd,Wexford,15090
Small,1926 Brownsville Rd,Pittsburgh,15210
Small,1300 Coraopolis Hts Rd,Coraopolis,15108
Small,748 Brownsville Rd,Pittsburgh,15210
Small,4900 Library Rd,Bethel Park,15102
Small,612 Old Clairton Rd,Pittsburgh,15236
Small,322 Sewickley Oakmont Rd,Pittsburgh,15237
Small,2321 Worton Blvd,West Mifflin,15122
Small,State Street Carnegie Ave,Clairton,15025
Small,512 E Pittsbrgh Mckeesprt,North Versailles,15137
Small,672 Miller Ave,Clairton,15025
Small,5704 Brownsville Rd,Pittsburgh,15236
Small,830 Allegheny River Blvd,Oakmont,15139
Small,2858 Washington Rd,Bridgeville,15017
Small,3400 Versailles Ave,Mckeesport,15132
Small,111 Whitehead Ln,Monroeville,15146
Small,1181 Romine Ave,Mckeesport,15133
Small,852 5th Ave,Coraopolis,15108
Medium,815 Universal Rd,Pittsburgh,15235
Small,602 Monongahela Ave,Glassport,15045
Small,321 Camp Hollow Rd,West Mifflin,15122
Medium,3336 Babcock Blvd,Pittsburgh,15237
Medium,200 Allegheny River Blvd,Verona,15147
Medium,184 Rochester Rd,West View,15229
Small,1716 Lowrie St,Pittsburgh,15212
Small,7000 Oxford Dr,Bethel Park,15102
Small,104 Clairton Blvd,Pittsburgh,15236
Medium,301 W Elizabeth St,Pittsburgh,15207
Medium,4978 Middle Rd,Gibsonia,15044
Medium,5901 Bryant St,Pittsburgh,15206
Medium,517 Rainier Dr,Pittsburgh,15239
Medium,1420 Centre Ave,Pittsburgh,15219
Small,4415 5th Ave,Pittsburgh,15213
Small,200 Alter Rd,Natrona Heights,15065
Medium,3038 Chartiers Ave,Pittsburgh,15204
Small,1271 Big Sewickley Crk,Sewickley,15143
Small,2724 Sidney St,Pittsburgh,15203
Small,5880 Centre Ave,Pittsburgh,15206
Large,10576 Perry Hwy,Wexford,15090
Small,2040 Monongahela Ave,Pittsburgh,15218
Small,7300 Hamilton Ave,Pittsburgh,15208
Medium,22 E Crafton Ave,Pittsburgh,15205
Small,1018 W North Ave,Pittsburgh,15233
Small,100 Broughton Rd,Bethel Park,15102
Small,426 E Ohio St,Pittsburgh,15212
Small,5813 Forward Ave,Pittsburgh,15217
Small,71 Brentwood Dr,Mc Kees Rocks,15136
Small,551 N State St,Clairton,15025
Small,42 Wabash St,Pittsburgh,15220
Small,1185 Balkan Dr,Pittsburgh,15239
Small,319 Ann St,Mckeesport,15132
Small,206 Enders Ln,Wexford,15090
Small,93 Joseph St,Pittsburgh,15227
