<PAMDataset>
  <Metadata domain="IMAGE_STRUCTURE">
    <MDI key="SOURCE_COLOR_SPACE">YCbCr</MDI>
    <MDI key="INTERLEAVE">PIXEL</MDI>
    <MDI key="COMPRESSION">JPEG</MDI>
  </Metadata>
  <Metadata domain="Esri">
    <MDI key="PyramidResamplingType">NEAREST</MDI>
  </Metadata>
  <Metadata domain="xml:ESRI" format="xml">
    <GeodataXform xsi:type="typens:PolynomialXform" xmlns:xsi="http://www.w3.org/2001/XMLSchema-instance" xmlns:xs="http://www.w3.org/2001/XMLSchema" xmlns:typens="http://www.esri.com/schemas/ArcGIS/10.1">
      <PolynomialOrder>1</PolynomialOrder>
      <SpatialReference xsi:type="typens:ProjectedCoordinateSystem">
        <WKT>PROJCS[&quot;NAD_1983_StatePlane_Georgia_West_FIPS_1002_Feet&quot;,GEOGCS[&quot;GCS_North_American_1983&quot;,DATUM[&quot;D_North_American_1983&quot;,SPHEROID[&quot;GRS_1980&quot;,6378137.0,298.257222101]],PRIMEM[&quot;Greenwich&quot;,0.0],UNIT[&quot;Degree&quot;,0.0174532925199433]],PROJECTION[&quot;Transverse_Mercator&quot;],PARAMETER[&quot;False_Easting&quot;,2296583.333333333],PARAMETER[&quot;False_Northing&quot;,0.0],PARAMETER[&quot;Central_Meridian&quot;,-84.16666666666667],PARAMETER[&quot;Scale_Factor&quot;,0.9999],PARAMETER[&quot;Latitude_Of_Origin&quot;,30.0],UNIT[&quot;Foot_US&quot;,0.3048006096012192],AUTHORITY[&quot;EPSG&quot;,2240]]</WKT>
        <XOrigin>-16150100</XOrigin>
        <YOrigin>-43703500</YOrigin>
        <XYScale>137255279.03396165</XYScale>
        <ZOrigin>-100000</ZOrigin>
        <ZScale>10000</ZScale>
        <MOrigin>-100000</MOrigin>
        <MScale>10000</MScale>
        <XYTolerance>0.0032808333333333331</XYTolerance>
        <ZTolerance>0.001</ZTolerance>
        <MTolerance>0.001</MTolerance>
        <HighPrecision>true</HighPrecision>
        <WKID>102667</WKID>
        <LatestWKID>2240</LatestWKID>
      </SpatialReference>
      <CoeffX xsi:type="typens:ArrayOfDouble">
        <Double>2157319.8301697993</Double>
        <Double>0.50015601313819147</Double>
        <Double>0.00036613312353631793</Double>
      </CoeffX>
      <CoeffY xsi:type="typens:ArrayOfDouble">
        <Double>1385844.90471882</Double>
        <Double>-0.00036613312353631793</Double>
        <Double>0.50015601313819147</Double>
      </CoeffY>
      <InverseCoeffX xsi:type="typens:ArrayOfDouble">
        <Double>-4311263.140118381</Double>
        <Double>1.999375070683401</Double>
        <Double>-0.0014636181921647826</Double>
      </InverseCoeffX>
      <InverseCoeffY xsi:type="typens:ArrayOfDouble">
        <Double>-2773981.2468781779</Double>
        <Double>0.0014636181921653727</Double>
        <Double>1.9993750706834013</Double>
      </InverseCoeffY>
      <Name />
    </GeodataXform>
  </Metadata>
</PAMDataset>
