<?xml version="1.0"?>
<!--<!DOCTYPE metadata SYSTEM "http://www.esri.com/metadata/esriprof80.dtd">-->
<metadata xml:lang="en"><Esri><MetaID>{0DBA397C-3417-4D44-94AB-AF30076B799E}</MetaID><CreaDate>20050817</CreaDate><CreaTime>09553400</CreaTime><SyncOnce>TRUE</SyncOnce><DataProperties><lineage><Process Name="Project_1" ToolSource="C:\apps\arcgis9.1\ArcToolbox\Toolboxes\Data Management Tools.tbx\Project" Date="20050817" Time="095534">Project F:\GIS_Class\Lab8\avtools\USA_48.shp F:\GIS_Class\Lab8\avtools\USA_48_Albers.shp PROJCS['USA_Contiguous_Albers_Equal_Area_Conic',GEOGCS['GCS_North_American_1983',DATUM['D_North_American_1983',SPHEROID['GRS_1980',6378137.0,298.257222101]],PRIMEM['Greenwich',0.0],UNIT['Degree',0.0174532925199433]],PROJECTION['Albers'],PARAMETER['False_Easting',0.0],PARAMETER['False_Northing',0.0],PARAMETER['Central_Meridian',-96.0],PARAMETER['Standard_Parallel_1',29.5],PARAMETER['Standard_Parallel_2',45.5],PARAMETER['Latitude_Of_Origin',37.5],UNIT['Meter',1.0]] NAD_1983_To_WGS_1984_1</Process></lineage></DataProperties></Esri></metadata>
