<?xml version="1.0" encoding="UTF-8"?>
<metadata xml:lang="en"><Esri><CreaDate>20190812</CreaDate><CreaTime>22435300</CreaTime><ArcGISFormat>1.0</ArcGISFormat><SyncOnce>TRUE</SyncOnce><DataProperties><lineage><Process ToolSource="c:\program files\arcgis\pro\Resources\ArcToolbox\Toolboxes\Data Management Tools.tbx\Rename" Date="20190812" Time="224353">Rename C:\Users\Randy\Documents\randy\ucsd-extension\summer2019\07-Raster-TerrainAnalysis\Data\lajolla-dem\lajolla_dem C:\Users\Randy\Documents\randy\ucsd-extension\summer2019\07-Raster-TerrainAnalysis\Data\lajolla-dem\ljdemgrd RasterDataset</Process></lineage></DataProperties></Esri></metadata>
