<?xml version="1.0"?>
<!--<!DOCTYPE metadata SYSTEM "http://www.esri.com/metadata/esriprof80.dtd">-->
<metadata xml:lang="en"><Esri><CreaDate>20130902</CreaDate><CreaTime>16415100</CreaTime><SyncOnce>FALSE</SyncOnce><SyncDate>20070828</SyncDate><SyncTime>21581700</SyncTime><ModDate>20070828</ModDate><ModTime>21581700</ModTime><DataProperties><lineage><Process Name="FeatureClassToFeatureClass_5" ToolSource="C:\Program Files\ArcGIS\ArcToolbox\Toolboxes\Conversion Tools.tbx\FeatureClassToFeatureClass" Date="20070828" Time="215819">FeatureClassToFeatureClass \\Nas1\home\share\Review\Library\LIBRARY.shp "Database Connections\sangis@sangis.sde" LIBRARY # "WEBSITE WEBSITE true false false 70 Text 0 0 ,First,#,\\Nas1\home\share\Review\Library\LIBRARY.shp,WEBSITE,-1,-1;ADDRESS ADDRESS true false false 34 Text 0 0 ,First,#,\\Nas1\home\share\Review\Library\LIBRARY.shp,ADDRESS,-1,-1;DISTRICT DISTRICT true false false 23 Text 0 0 ,First,#,\\Nas1\home\share\Review\Library\LIBRARY.shp,DISTRICT,-1,-1;NAME NAME true false false 54 Text 0 0 ,First,#,\\Nas1\home\share\Review\Library\LIBRARY.shp,NAME,-1,-1;TYPE TYPE true false false 9 Text 0 0 ,First,#,\\Nas1\home\share\Review\Library\LIBRARY.shp,TYPE,-1,-1;PHONE PHONE true false false 14 Text 0 0 ,First,#,\\Nas1\home\share\Review\Library\LIBRARY.shp,PHONE,-1,-1;ZIP ZIP true false false 5 Text 0 0 ,First,#,\\Nas1\home\share\Review\Library\LIBRARY.shp,ZIP,-1,-1;TB TB true false false 9 Text 0 0 ,First,#,\\Nas1\home\share\Review\Library\LIBRARY.shp,TB,-1,-1;CITY CITY true false false 19 Text 0 0 ,First,#,\\Nas1\home\share\Review\Library\LIBRARY.shp,CITY,-1,-1;OBJECTID OBJECTID true false false 10 Double 0 10 ,First,#,\\Nas1\home\share\Review\Library\LIBRARY.shp,OBJECTID,-1,-1" YEARLY "Database Connections\sangis@sangis.sde\SANGIS.LIBRARY"</Process></lineage><itemProps><itemLocation><linkage Sync="TRUE">file://\\ANDYM\C$\Drive D\Analytical Solutions\Buffer\liquor store\LiquorStoreAnalysisModel\commondata\liquor_store_data\city_libraries</linkage><protocol Sync="TRUE">Local Area Network</protocol></itemLocation></itemProps><copyHistory><copy source="C:\Drive D\Analytical Solutions\Buffer\liquor store\liquor store data\city_libraries" dest="\\ANDYM\C$\Drive D\Analytical Solutions\Buffer\liquor store\LiquorStoreAnalysisModel\commondata\liquor_store_data\city_libraries" date="20130902" time="16415100"></copy></copyHistory></DataProperties><ArcGISFormat>1.0</ArcGISFormat></Esri><idinfo><native Sync="TRUE">Microsoft Windows XP Version 5.1 (Build 2600) Service Pack 2; ESRI ArcCatalog 9.2.2.1350</native><descript><langdata Sync="TRUE">en</langdata><abstract>Library Locations</abstract><purpose>To show where Libraries are located with San Diego County</purpose></descript><citation><citeinfo><origin>San Diego County Library department</origin><pubdate>July 11, 2007</pubdate><title Sync="TRUE">SANGIS.LIBRARY</title><ftname Sync="TRUE">SANGIS.LIBRARY</ftname><geoform Sync="TRUE">vector digital data</geoform><onlink Sync="TRUE"></onlink></citeinfo></citation><timeperd><current>publication date</current><timeinfo><sngdate><caldate>July 11, 2007</caldate></sngdate></timeinfo></timeperd><status><progress>Complete</progress><update>As needed</update></status><spdom><bounding><westbc Sync="TRUE">-117.382740</westbc><eastbc Sync="TRUE">-116.186131</eastbc><northbc Sync="TRUE">33.385674</northbc><southbc Sync="TRUE">32.550023</southbc></bounding><lboundng><leftbc Sync="TRUE">6215884.470000</leftbc><rightbc Sync="TRUE">6581162.720000</rightbc><bottombc Sync="TRUE">1781764.640000</bottombc><topbc Sync="TRUE">2083956.350000</topbc></lboundng></spdom><keywords><theme><themekt>Library</themekt><themekey>Library</themekey><themekey>Libraries</themekey><themekey>Books</themekey></theme></keywords><accconst>None</accconst><useconst>None</useconst><natvform Sync="TRUE">SDE Feature Class</natvform><ptcontac><cntinfo><cntvoice>(858)571-4237</cntvoice><cntfax>(858)505-6356</cntfax><cntemail>roy.pickering@sdcounty.ca.gov</cntemail><cntaddr><address>5201 Ruffin Rd. suite D</address><addrtype>mailing and physical address</addrtype><city>San Diego</city><state>CA</state><postal>92123</postal><country>USA</country></cntaddr><cntperp><cntper>Roy Pickering</cntper><cntorg>San Diego County Department of Public Works</cntorg></cntperp><cntpos>GIS Analyst</cntpos><hours>7-4 pm M-F</hours></cntinfo></ptcontac></idinfo><dataIdInfo><envirDesc Sync="TRUE">Microsoft Windows XP Version 5.1 (Build 2600) Service Pack 2; ESRI ArcCatalog 9.2.2.1350</envirDesc><dataLang><languageCode Sync="TRUE" value="en"></languageCode></dataLang><idCitation><resTitle Sync="TRUE">SANGIS.LIBRARY</resTitle><presForm><PresFormCd Sync="TRUE" value="005"></PresFormCd></presForm></idCitation><spatRpType><SpatRepTypCd Sync="TRUE" value="001"></SpatRepTypCd></spatRpType><dataExt><geoEle><GeoBndBox esriExtentType="native"><westBL Sync="TRUE">6215884.47</westBL><eastBL Sync="TRUE">6581162.72</eastBL><northBL Sync="TRUE">2083956.35</northBL><southBL Sync="TRUE">1781764.64</southBL><exTypeCode Sync="TRUE">1</exTypeCode></GeoBndBox></geoEle></dataExt><geoBox esriExtentType="decdegrees"><westBL Sync="TRUE">-117.38274</westBL><eastBL Sync="TRUE">-116.186131</eastBL><northBL Sync="TRUE">33.385674</northBL><southBL Sync="TRUE">32.550023</southBL><exTypeCode Sync="TRUE">1</exTypeCode></geoBox></dataIdInfo><metainfo><langmeta Sync="TRUE">en</langmeta><metstdn Sync="TRUE">FGDC Content Standards for Digital Geospatial Metadata</metstdn><metstdv Sync="TRUE">FGDC-STD-001-1998</metstdv><mettc Sync="TRUE">local time</mettc><metc><cntinfo><cntorgp><cntper>Roy Pickering</cntper><cntorg>San Diego County Department of Public Works</cntorg></cntorgp><cntaddr><addrtype>mailing and physical address</addrtype><city>San Diego</city><state>CA</state><postal>92123</postal><address>5201 Ruffin Rd., suite D</address><country>USA</country></cntaddr><cntvoice>(858)571-4237</cntvoice><cntfax>(858)505-6356</cntfax><cntemail>roy.pickering@sdcounty.ca.gov</cntemail><cntpos>GIS Analyst</cntpos><hours>7-4 pm  M-F</hours></cntinfo></metc><metd Sync="TRUE">20070828</metd><metextns><onlink Sync="TRUE">http://www.esri.com/metadata/esriprof80.html</onlink><metprof Sync="TRUE">ESRI Metadata Profile</metprof></metextns></metainfo><mdLang><languageCode Sync="TRUE" value="en"></languageCode></mdLang><mdStanName Sync="TRUE">ISO 19115 Geographic Information - Metadata</mdStanName><mdStanVer Sync="TRUE">DIS_ESRI1.0</mdStanVer><mdChar><CharSetCd Sync="TRUE" value="004"></CharSetCd></mdChar><mdHrLv><ScopeCd Sync="TRUE" value="005"></ScopeCd></mdHrLv><mdHrLvName Sync="TRUE">dataset</mdHrLvName><distinfo><resdesc Sync="TRUE">Downloadable Data</resdesc><stdorder><digform><digtinfo><transize Sync="TRUE">0.005</transize><dssize Sync="TRUE">0.005</dssize></digtinfo></digform></stdorder></distinfo><distInfo><distributor><distorTran><onLineSrc><orDesc Sync="TRUE">002</orDesc><linkage Sync="TRUE">file://</linkage><protocol Sync="TRUE">Local Area Network</protocol></onLineSrc><transSize Sync="TRUE">0.005</transSize></distorTran><distorFormat><formatName Sync="TRUE">SDE Feature Class</formatName></distorFormat></distributor></distInfo><spdoinfo><direct Sync="TRUE">Vector</direct><ptvctinf><esriterm Name="SANGIS.LIBRARY"><efeatyp Sync="TRUE">Simple</efeatyp><efeageom Sync="TRUE">Multipoint</efeageom><esritopo Sync="TRUE">FALSE</esritopo><efeacnt Sync="TRUE">0</efeacnt><spindex Sync="TRUE">FALSE</spindex><linrefer Sync="TRUE">FALSE</linrefer></esriterm><sdtsterm Name="SANGIS.LIBRARY"><sdtstype Sync="TRUE">Composite object</sdtstype><ptvctcnt Sync="TRUE">0</ptvctcnt></sdtsterm></ptvctinf></spdoinfo><spref><horizsys><cordsysn><geogcsn Sync="TRUE">GCS_North_American_1983</geogcsn><projcsn Sync="TRUE">NAD_1983_StatePlane_California_VI_FIPS_0406_Feet</projcsn></cordsysn><planar><planci><plance Sync="TRUE">coordinate pair</plance><plandu Sync="TRUE">survey feet</plandu><coordrep><absres Sync="TRUE">0.000179</absres><ordres Sync="TRUE">0.000179</ordres></coordrep></planci><mapproj><mapprojn Sync="TRUE">Lambert Conformal Conic</mapprojn><lambertc><stdparll Sync="TRUE">32.783333</stdparll><stdparll Sync="TRUE">33.883333</stdparll><longcm Sync="TRUE">-116.250000</longcm><latprjo Sync="TRUE">32.166667</latprjo><feast Sync="TRUE">6561666.666667</feast><fnorth Sync="TRUE">1640416.666667</fnorth></lambertc></mapproj></planar><geodetic><horizdn Sync="TRUE">North American Datum of 1983</horizdn><ellips Sync="TRUE">Geodetic Reference System 80</ellips><semiaxis Sync="TRUE">6378137.000000</semiaxis><denflat Sync="TRUE">298.257222</denflat></geodetic></horizsys><vertdef><altsys><altenc Sync="TRUE">Explicit elevation coordinate included with horizontal coordinates</altenc><altres Sync="TRUE">1.000000</altres></altsys></vertdef></spref><refSysInfo><RefSystem><refSysID><identCode Sync="TRUE">NAD_1983_StatePlane_California_VI_FIPS_0406_Feet</identCode></refSysID></RefSystem></refSysInfo><spatRepInfo><VectSpatRep><topLvl><TopoLevCd Sync="TRUE" value="001"></TopoLevCd></topLvl><geometObjs Name="SANGIS.LIBRARY"><geoObjTyp><GeoObjTypCd Sync="TRUE" value="001"></GeoObjTypCd></geoObjTyp><geoObjCnt Sync="TRUE">0</geoObjCnt></geometObjs></VectSpatRep></spatRepInfo><eainfo><detailed Name="SANGIS.LIBRARY"><attr><attrlabl Sync="TRUE">Shape</attrlabl><attalias Sync="TRUE">Shape</attalias><attrtype Sync="TRUE">Number</attrtype><attwidth Sync="TRUE">10</attwidth><attrdef Sync="TRUE">Feature geometry.</attrdef><attrdefs Sync="TRUE">ESRI</attrdefs><attrdomv><udom Sync="TRUE">Coordinates defining the features.</udom></attrdomv></attr><attr><attrlabl Sync="TRUE">OBJECTID</attrlabl><attalias Sync="TRUE">OBJECTID</attalias><attrtype Sync="TRUE">OID</attrtype><attwidth Sync="TRUE">4</attwidth><atprecis Sync="TRUE">10</atprecis><attscale Sync="TRUE">0</attscale><attrdef Sync="TRUE">Internal feature number.</attrdef><attrdefs Sync="TRUE">ESRI</attrdefs><attrdomv><udom Sync="TRUE">Sequential unique whole numbers that are automatically generated.</udom></attrdomv></attr><enttyp><enttypl Sync="TRUE">SANGIS.LIBRARY</enttypl><enttypt Sync="TRUE">Feature Class</enttypt><enttypc Sync="TRUE">0</enttypc><enttypd>Library Locations in San Diego County</enttypd></enttyp><attr><attrlabl Sync="TRUE">WEBSITE</attrlabl><attalias Sync="TRUE">WEBSITE</attalias><attrtype Sync="TRUE">String</attrtype><attwidth Sync="TRUE">70</attwidth><attrdef>Web site address URL</attrdef></attr><attr><attrlabl Sync="TRUE">ADDRESS</attrlabl><attalias Sync="TRUE">ADDRESS</attalias><attrtype Sync="TRUE">String</attrtype><attwidth Sync="TRUE">34</attwidth><attrdef>Street Address, Name and Suffix</attrdef></attr><attr><attrlabl Sync="TRUE">DISTRICT</attrlabl><attalias Sync="TRUE">DISTRICT</attalias><attrtype Sync="TRUE">String</attrtype><attwidth Sync="TRUE">23</attwidth><attrdef>Agency that operates the library</attrdef></attr><attr><attrlabl Sync="TRUE">NAME</attrlabl><attalias Sync="TRUE">NAME</attalias><attrtype Sync="TRUE">String</attrtype><attwidth Sync="TRUE">54</attwidth><attrdef>Name of the library</attrdef></attr><attr><attrlabl Sync="TRUE">TYPE</attrlabl><attalias Sync="TRUE">TYPE</attalias><attrtype Sync="TRUE">String</attrtype><attwidth Sync="TRUE">9</attwidth><attrdef>Type of library</attrdef></attr><attr><attrlabl Sync="TRUE">PHONE</attrlabl><attalias Sync="TRUE">PHONE</attalias><attrtype Sync="TRUE">String</attrtype><attwidth Sync="TRUE">14</attwidth><attrdef>Phone number for the library</attrdef></attr><attr><attrlabl Sync="TRUE">ZIP</attrlabl><attalias Sync="TRUE">ZIP</attalias><attrtype Sync="TRUE">String</attrtype><attwidth Sync="TRUE">5</attwidth><attrdef>Zip Code for the library</attrdef></attr><attr><attrlabl Sync="TRUE">TB</attrlabl><attalias Sync="TRUE">TB</attalias><attrtype Sync="TRUE">String</attrtype><attwidth Sync="TRUE">9</attwidth><attrdef>Thomas Brother Map Book Page and Grid</attrdef></attr><attr><attrlabl Sync="TRUE">OBJECTID_1</attrlabl><attalias Sync="TRUE">OBJECTID_1</attalias><attrtype Sync="TRUE">OID</attrtype><attwidth Sync="TRUE">4</attwidth><atprecis Sync="TRUE">10</atprecis><attscale Sync="TRUE">0</attscale><attrdef Sync="TRUE">Internal feature number.</attrdef><attrdefs Sync="TRUE">ESRI</attrdefs><attrdomv><udom Sync="TRUE">Sequential unique whole numbers that are automatically generated.</udom></attrdomv></attr><attr><attrlabl Sync="TRUE">CITY</attrlabl><attalias Sync="TRUE">CITY</attalias><attrtype Sync="TRUE">String</attrtype><attwidth Sync="TRUE">19</attwidth><attrdef>City library located within</attrdef></attr><attr><attrlabl Sync="TRUE">SHAPE</attrlabl><attalias Sync="TRUE">Shape</attalias><attrtype Sync="TRUE">Geometry</attrtype><attwidth Sync="TRUE">4</attwidth><atprecis Sync="TRUE">0</atprecis><attscale Sync="TRUE">0</attscale><attrdef Sync="TRUE">Feature geometry.</attrdef><attrdefs Sync="TRUE">ESRI</attrdefs><attrdomv><udom Sync="TRUE">Coordinates defining the features.</udom></attrdomv></attr></detailed></eainfo><mdDateSt Sync="TRUE">20070828</mdDateSt><dataqual><lineage><procstep><procdesc Sync="TRUE">Dataset copied.</procdesc><srcused Sync="TRUE">Server=sangis; Service=esri_sde; Database=\\nas\gisdata; User=lmckay; Version=SDE.DEFAULT</srcused><date Sync="TRUE">20060724</date><time Sync="TRUE">06504800</time></procstep><procstep><procdesc Sync="TRUE">Dataset copied.</procdesc><srcused Sync="TRUE"></srcused><date Sync="TRUE">20070711</date><time Sync="TRUE">13115500</time></procstep><procstep><procdesc Sync="TRUE">Dataset copied.</procdesc><srcused Sync="TRUE"></srcused><date Sync="TRUE">20070828</date><time Sync="TRUE">14201900</time></procstep><procstep><procdesc Sync="TRUE">Dataset copied.</procdesc><srcused Sync="TRUE">Server=sangis; Service=esri_sde; User=cctv; Version=SDE.DEFAULT</srcused><date Sync="TRUE">20070830</date><time Sync="TRUE">10555700</time></procstep></lineage></dataqual></metadata>
